image,details_match_score,details_match_scale,details_candidates,details_threshold,details_matched,roi_set,field,mobile_v5_text,mobile_v5_conf,small_v6_text,small_v6_conf,tiny_v6_text,tiny_v6_conf,medium_v6_text,medium_v6_conf,mobile_v5_warped,small_v6_warped,tiny_v6_warped,medium_v6_warped,mobile_v5_total_ms,mobile_v5_detrec_ms,small_v6_total_ms,small_v6_detrec_ms,tiny_v6_total_ms,tiny_v6_detrec_ms,medium_v6_total_ms,medium_v6_detrec_ms
ocr_perfect.jpeg,0.836,1.30,5,0.40,1,reference,score,"998670",0.000,"998,670",0.000,"998,670",0.000,"998,670",0.000,1,1,1,1,885,677,814,681,375,254,4033,3711
ocr_perfect.jpeg,0.836,1.30,5,0.40,1,reference,marvelous,"458",0.000,"458",0.000,"458",0.000,"458",0.000,1,1,1,1,885,677,814,681,375,254,4033,3711
ocr_perfect.jpeg,0.836,1.30,5,0.40,1,reference,perfect,"59",0.000,"59",0.000,"59",0.000,"59",0.000,1,1,1,1,885,677,814,681,375,254,4033,3711
ocr_perfect.jpeg,0.836,1.30,5,0.40,1,reference,great,"",0.000,"",0.000,"1",0.000,"1",0.000,1,1,1,1,885,677,814,681,375,254,4033,3711
ocr_perfect.jpeg,0.836,1.30,5,0.40,1,reference,good,"0",0.000,"32",0.000,"",0.000,"0",0.000,1,1,1,1,885,677,814,681,375,254,4033,3711
ocr_perfect.jpeg,0.836,1.30,5,0.40,1,reference,miss,"0",0.000,"0",0.000,"",0.000,"0",0.000,1,1,1,1,885,677,814,681,375,254,4033,3711
ocr_perfect.jpeg,0.836,1.30,5,0.40,1,reference,flare,"",0.000,"",0.000,"",0.000,"",0.000,1,1,1,1,885,677,814,681,375,254,4033,3711
ocr_perfect.jpeg,0.836,1.30,5,0.40,1,reference,title,"Don't Stop The HYPERCORE",0.000,"Don't Stop The HYPERCORE",0.000,"Don' Stop The HYPERCORE",0.000,"Don't Stop The HYPERCORE",0.000,1,1,1,1,885,677,814,681,375,254,4033,3711
ocr_perfect.jpeg,0.836,1.30,5,0.40,1,reference,username,"LEmmaemenwb",0.000,"LE Emmom",0.000,"LERom",0.000,"LE Enmer",0.000,1,1,1,1,885,677,814,681,375,254,4033,3711
ocr_perfect.jpeg,0.836,1.30,5,0.40,1,reference,difficulty,"calwbl",0.000,"",0.000,"",0.000,"e",0.000,1,1,1,1,885,677,814,681,375,254,4033,3711
ocr_perfect.jpeg,0.836,1.30,5,0.40,1,reference,max_combo,"518518",0.000,"518518",0.000,"518518",0.000,"518518",0.000,1,1,1,1,885,677,814,681,375,254,4033,3711
ocr_perfect.jpeg,0.836,1.30,5,0.40,1,imperfect,score,"998670",0.000,"998,670",0.000,"998,670",0.000,"998,670",0.000,1,1,1,1,881,739,981,842,410,313,5264,4909
ocr_perfect.jpeg,0.836,1.30,5,0.40,1,imperfect,marvelous,"458",0.000,"458",0.000,"458",0.000,"458",0.000,1,1,1,1,881,739,981,842,410,313,5264,4909
ocr_perfect.jpeg,0.836,1.30,5,0.40,1,imperfect,perfect,"59",0.000,"59",0.000,"59",0.000,"59",0.000,1,1,1,1,881,739,981,842,410,313,5264,4909
ocr_perfect.jpeg,0.836,1.30,5,0.40,1,imperfect,great,"",0.000,"",0.000,"1",0.000,"1",0.000,1,1,1,1,881,739,981,842,410,313,5264,4909
ocr_perfect.jpeg,0.836,1.30,5,0.40,1,imperfect,good,"0",0.000,"32",0.000,"",0.000,"0",0.000,1,1,1,1,881,739,981,842,410,313,5264,4909
ocr_perfect.jpeg,0.836,1.30,5,0.40,1,imperfect,miss,"0",0.000,"0",0.000,"",0.000,"0",0.000,1,1,1,1,881,739,981,842,410,313,5264,4909
ocr_perfect.jpeg,0.836,1.30,5,0.40,1,imperfect,flare,"",0.000,"",0.000,"",0.000,"",0.000,1,1,1,1,881,739,981,842,410,313,5264,4909
ocr_perfect.jpeg,0.836,1.30,5,0.40,1,imperfect,title,"on't Stop The HYPERCORE",0.000,"n't Stop The HYPERCORE",0.000,"on't Stop The HYPERCORE",0.000,"on't Stop The HYPERCORE",0.000,1,1,1,1,881,739,981,842,410,313,5264,4909
ocr_perfect.jpeg,0.836,1.30,5,0.40,1,imperfect,username,"GLE Enomlb",0.000,"GLE Frnon",0.000,"GLE Tenom",0.000,"GLE Ernen",0.000,1,1,1,1,881,739,981,842,410,313,5264,4909
ocr_perfect.jpeg,0.836,1.30,5,0.40,1,imperfect,difficulty,"",0.000,"",0.000,"子",0.000,"",0.000,1,1,1,1,881,739,981,842,410,313,5264,4909
ocr_perfect.jpeg,0.836,1.30,5,0.40,1,imperfect,max_combo,"518518",0.000,"518518",0.000,"518518",0.000,"518518",0.000,1,1,1,1,881,739,981,842,410,313,5264,4909
ocr_test.jpg,0.896,1.20,6,0.40,1,reference,score,"979160",0.000,"979,160",0.000,"979,160",0.000,"979,160",0.000,1,1,1,1,1053,847,844,715,319,227,3811,3506
ocr_test.jpg,0.896,1.20,6,0.40,1,reference,marvelous,"475",0.000,"475",0.000,"475",0.000,"475",0.000,1,1,1,1,1053,847,844,715,319,227,3811,3506
ocr_test.jpg,0.896,1.20,6,0.40,1,reference,perfect,"00",0.000,"100",0.000,"100",0.000,"100",0.000,1,1,1,1,1053,847,844,715,319,227,3811,3506
ocr_test.jpg,0.896,1.20,6,0.40,1,reference,great,"28",0.000,"28",0.000,"28",0.000,"28",0.000,1,1,1,1,1053,847,844,715,319,227,3811,3506
ocr_test.jpg,0.896,1.20,6,0.40,1,reference,good,"1",0.000,"1",0.000,"1",0.000,"1",0.000,1,1,1,1,1053,847,844,715,319,227,3811,3506
ocr_test.jpg,0.896,1.20,6,0.40,1,reference,miss,"0",0.000,"10",0.000,"10",0.000,"10",0.000,1,1,1,1,1053,847,844,715,319,227,3811,3506
ocr_test.jpg,0.896,1.20,6,0.40,1,reference,flare,"",0.000,"",0.000,"",0.000,"",0.000,1,1,1,1,1053,847,844,715,319,227,3811,3506
ocr_test.jpg,0.896,1.20,6,0.40,1,reference,title,"",0.000,"7",0.000,"",0.000,"",0.000,1,1,1,1,1053,847,844,715,319,227,3811,3506
ocr_test.jpg,0.896,1.20,6,0.40,1,reference,username,"cYaalwb",0.000,"A",0.000,"",0.000,"",0.000,1,1,1,1,1053,847,844,715,319,227,3811,3506
ocr_test.jpg,0.896,1.20,6,0.40,1,reference,difficulty,"cYallwb",0.000,"",0.000,"",0.000,"",0.000,1,1,1,1,1053,847,844,715,319,227,3811,3506
ocr_test.jpg,0.896,1.20,6,0.40,1,reference,max_combo,"604104",0.000,"604604",0.000,"604604",0.000,"604604",0.000,1,1,1,1,1053,847,844,715,319,227,3811,3506
ocr_test.jpg,0.896,1.20,6,0.40,1,imperfect,score,"979160",0.000,"979,160",0.000,"979,160",0.000,"979,160",0.000,1,1,1,1,903,768,1027,891,305,217,4141,3766
ocr_test.jpg,0.896,1.20,6,0.40,1,imperfect,marvelous,"475",0.000,"475",0.000,"475",0.000,"475",0.000,1,1,1,1,903,768,1027,891,305,217,4141,3766
ocr_test.jpg,0.896,1.20,6,0.40,1,imperfect,perfect,"00",0.000,"100",0.000,"100",0.000,"100",0.000,1,1,1,1,903,768,1027,891,305,217,4141,3766
ocr_test.jpg,0.896,1.20,6,0.40,1,imperfect,great,"28",0.000,"28",0.000,"28",0.000,"28",0.000,1,1,1,1,903,768,1027,891,305,217,4141,3766
ocr_test.jpg,0.896,1.20,6,0.40,1,imperfect,good,"",0.000,"1",0.000,"1",0.000,"1",0.000,1,1,1,1,903,768,1027,891,305,217,4141,3766
ocr_test.jpg,0.896,1.20,6,0.40,1,imperfect,miss,"0",0.000,"",0.000,"",0.000,"",0.000,1,1,1,1,903,768,1027,891,305,217,4141,3766
ocr_test.jpg,0.896,1.20,6,0.40,1,imperfect,flare,"",0.000,"",0.000,"",0.000,"",0.000,1,1,1,1,903,768,1027,891,305,217,4141,3766
ocr_test.jpg,0.896,1.20,6,0.40,1,imperfect,title,"cbl",0.000,"20112",0.000,"",0.000,"",0.000,1,1,1,1,903,768,1027,891,305,217,4141,3766
ocr_test.jpg,0.896,1.20,6,0.40,1,imperfect,username,"cYaalwbl",0.000,"",0.000,"",0.000,"",0.000,1,1,1,1,903,768,1027,891,305,217,4141,3766
ocr_test.jpg,0.896,1.20,6,0.40,1,imperfect,difficulty,"",0.000,"",0.000,"",0.000,"",0.000,1,1,1,1,903,768,1027,891,305,217,4141,3766
ocr_test.jpg,0.896,1.20,6,0.40,1,imperfect,max_combo,"6041604",0.000,"604604",0.000,"604604",0.000,"604604",0.000,1,1,1,1,903,768,1027,891,305,217,4141,3766
ocr_test_1.jpeg,0.896,1.20,4,0.40,1,reference,score,"979160",0.000,"979,160",0.000,"979,160",0.000,"979,160",0.000,1,1,1,1,912,761,946,816,310,215,3956,3610
ocr_test_1.jpeg,0.896,1.20,4,0.40,1,reference,marvelous,"475",0.000,"475",0.000,"475",0.000,"475",0.000,1,1,1,1,912,761,946,816,310,215,3956,3610
ocr_test_1.jpeg,0.896,1.20,4,0.40,1,reference,perfect,"00",0.000,"100",0.000,"100",0.000,"100",0.000,1,1,1,1,912,761,946,816,310,215,3956,3610
ocr_test_1.jpeg,0.896,1.20,4,0.40,1,reference,great,"28",0.000,"28",0.000,"28",0.000,"28",0.000,1,1,1,1,912,761,946,816,310,215,3956,3610
ocr_test_1.jpeg,0.896,1.20,4,0.40,1,reference,good,"",0.000,"1",0.000,"1",0.000,"1",0.000,1,1,1,1,912,761,946,816,310,215,3956,3610
ocr_test_1.jpeg,0.896,1.20,4,0.40,1,reference,miss,"0",0.000,"10",0.000,"10",0.000,"10",0.000,1,1,1,1,912,761,946,816,310,215,3956,3610
ocr_test_1.jpeg,0.896,1.20,4,0.40,1,reference,flare,"",0.000,"",0.000,"",0.000,"",0.000,1,1,1,1,912,761,946,816,310,215,3956,3610
ocr_test_1.jpeg,0.896,1.20,4,0.40,1,reference,title,"",0.000,"7",0.000,"",0.000,"",0.000,1,1,1,1,912,761,946,816,310,215,3956,3610
ocr_test_1.jpeg,0.896,1.20,4,0.40,1,reference,username,"cYaalwb",0.000,"A",0.000,"",0.000,"",0.000,1,1,1,1,912,761,946,816,310,215,3956,3610
ocr_test_1.jpeg,0.896,1.20,4,0.40,1,reference,difficulty,"cYallwb",0.000,"",0.000,"",0.000,"",0.000,1,1,1,1,912,761,946,816,310,215,3956,3610
ocr_test_1.jpeg,0.896,1.20,4,0.40,1,reference,max_combo,"604104",0.000,"604604",0.000,"604604",0.000,"604604",0.000,1,1,1,1,912,761,946,816,310,215,3956,3610
ocr_test_1.jpeg,0.896,1.20,4,0.40,1,imperfect,score,"979160",0.000,"979,160",0.000,"979,160",0.000,"979,160",0.000,1,1,1,1,852,728,977,841,312,221,4228,3816
ocr_test_1.jpeg,0.896,1.20,4,0.40,1,imperfect,marvelous,"475",0.000,"475",0.000,"475",0.000,"475",0.000,1,1,1,1,852,728,977,841,312,221,4228,3816
ocr_test_1.jpeg,0.896,1.20,4,0.40,1,imperfect,perfect,"00",0.000,"100",0.000,"100",0.000,"100",0.000,1,1,1,1,852,728,977,841,312,221,4228,3816
ocr_test_1.jpeg,0.896,1.20,4,0.40,1,imperfect,great,"28",0.000,"28",0.000,"28",0.000,"28",0.000,1,1,1,1,852,728,977,841,312,221,4228,3816
ocr_test_1.jpeg,0.896,1.20,4,0.40,1,imperfect,good,"",0.000,"1",0.000,"1",0.000,"1",0.000,1,1,1,1,852,728,977,841,312,221,4228,3816
ocr_test_1.jpeg,0.896,1.20,4,0.40,1,imperfect,miss,"0",0.000,"",0.000,"",0.000,"",0.000,1,1,1,1,852,728,977,841,312,221,4228,3816
ocr_test_1.jpeg,0.896,1.20,4,0.40,1,imperfect,flare,"",0.000,"",0.000,"",0.000,"",0.000,1,1,1,1,852,728,977,841,312,221,4228,3816
ocr_test_1.jpeg,0.896,1.20,4,0.40,1,imperfect,title,"cbl",0.000,"20112",0.000,"",0.000,"",0.000,1,1,1,1,852,728,977,841,312,221,4228,3816
ocr_test_1.jpeg,0.896,1.20,4,0.40,1,imperfect,username,"cYaalwbl",0.000,"",0.000,"",0.000,"",0.000,1,1,1,1,852,728,977,841,312,221,4228,3816
ocr_test_1.jpeg,0.896,1.20,4,0.40,1,imperfect,difficulty,"",0.000,"",0.000,"",0.000,"",0.000,1,1,1,1,852,728,977,841,312,221,4228,3816
ocr_test_1.jpeg,0.896,1.20,4,0.40,1,imperfect,max_combo,"6041604",0.000,"604604",0.000,"604604",0.000,"604604",0.000,1,1,1,1,852,728,977,841,312,221,4228,3816
ocr_test_10.jpg,0.527,0.80,2,0.40,1,reference,score,"993440",0.000,"993,440",0.000,"993,440",0.000,"993,440",0.000,1,1,1,1,1002,891,1004,803,244,189,4691,4414
ocr_test_10.jpg,0.527,0.80,2,0.40,1,reference,marvelous,"464",0.000,"464",0.000,"464",0.000,"464",0.000,1,1,1,1,1002,891,1004,803,244,189,4691,4414
ocr_test_10.jpg,0.527,0.80,2,0.40,1,reference,perfect,"61",0.000,"61",0.000,"61",0.000,"61",0.000,1,1,1,1,1002,891,1004,803,244,189,4691,4414
ocr_test_10.jpg,0.527,0.80,2,0.40,1,reference,great,"8",0.000,"8",0.000,"8",0.000,"8",0.000,1,1,1,1,1002,891,1004,803,244,189,4691,4414
ocr_test_10.jpg,0.527,0.80,2,0.40,1,reference,good,"20",0.000,"0",0.000,"",0.000,"0",0.000,1,1,1,1,1002,891,1004,803,244,189,4691,4414
ocr_test_10.jpg,0.527,0.80,2,0.40,1,reference,miss,"",0.000,"",0.000,"",0.000,"",0.000,1,1,1,1,1002,891,1004,803,244,189,4691,4414
ocr_test_10.jpg,0.527,0.80,2,0.40,1,reference,flare,"",0.000,"",0.000,"",0.000,"",0.000,1,1,1,1,1002,891,1004,803,244,189,4691,4414
ocr_test_10.jpg,0.527,0.80,2,0.40,1,reference,title,"utosummer",0.000,"utosummer",0.000,"iosummero",0.000,"osummer",0.000,1,1,1,1,1002,891,1004,803,244,189,4691,4414
ocr_test_10.jpg,0.527,0.80,2,0.40,1,reference,username,"canmealwb",0.000,"GLE Ermen",0.000,"GLE Kcnon",0.000,"GLE Erner",0.000,1,1,1,1,1002,891,1004,803,244,189,4691,4414
ocr_test_10.jpg,0.527,0.80,2,0.40,1,reference,difficulty,"cawb",0.000,"",0.000,"",0.000,"",0.000,1,1,1,1,1002,891,1004,803,244,189,4691,4414
ocr_test_10.jpg,0.527,0.80,2,0.40,1,reference,max_combo,"5331",0.000,"533533",0.000,"5335",0.000,"533533",0.000,1,1,1,1,1002,891,1004,803,244,189,4691,4414
ocr_test_10.jpg,0.527,0.80,2,0.40,1,imperfect,score,"993440",0.000,"993,440",0.000,"993,440",0.000,"993440",0.000,1,1,1,1,837,702,904,764,289,222,4871,4340
ocr_test_10.jpg,0.527,0.80,2,0.40,1,imperfect,marvelous,"464",0.000,"464",0.000,"464",0.000,"464",0.000,1,1,1,1,837,702,904,764,289,222,4871,4340
ocr_test_10.jpg,0.527,0.80,2,0.40,1,imperfect,perfect,"61",0.000,"61",0.000,"61",0.000,"61",0.000,1,1,1,1,837,702,904,764,289,222,4871,4340
ocr_test_10.jpg,0.527,0.80,2,0.40,1,imperfect,great,"8",0.000,"8",0.000,"8",0.000,"8",0.000,1,1,1,1,837,702,904,764,289,222,4871,4340
ocr_test_10.jpg,0.527,0.80,2,0.40,1,imperfect,good,"10",0.000,"0",0.000,"",0.000,"0",0.000,1,1,1,1,837,702,904,764,289,222,4871,4340
ocr_test_10.jpg,0.527,0.80,2,0.40,1,imperfect,miss,"",0.000,"",0.000,"",0.000,"",0.000,1,1,1,1,837,702,904,764,289,222,4871,4340
ocr_test_10.jpg,0.527,0.80,2,0.40,1,imperfect,flare,"",0.000,"",0.000,"",0.000,"",0.000,1,1,1,1,837,702,904,764,289,222,4871,4340
ocr_test_10.jpg,0.527,0.80,2,0.40,1,imperfect,title,"asummer",0.000,"summer",0.000,"asumer",0.000,"dsummer",0.000,1,1,1,1,837,702,904,764,289,222,4871,4340
ocr_test_10.jpg,0.527,0.80,2,0.40,1,imperfect,username,"Gle maemelb",0.000,"GLE Exner",0.000,"GLEEacnen",0.000,"GLE Exner",0.000,1,1,1,1,837,702,904,764,289,222,4871,4340
ocr_test_10.jpg,0.527,0.80,2,0.40,1,imperfect,difficulty,"",0.000,"8",0.000,"0",0.000,"",0.000,1,1,1,1,837,702,904,764,289,222,4871,4340
ocr_test_10.jpg,0.527,0.80,2,0.40,1,imperfect,max_combo,"533",0.000,"533533",0.000,"5335",0.000,"533533",0.000,1,1,1,1,837,702,904,764,289,222,4871,4340
ocr_test_11.jpg,0.000,0.00,2,0.40,0,reference,score,"",0.000,"",0.000,"",0.000,"",0.000,0,0,0,0,-1,-1,-1,-1,-1,-1,-1,-1
ocr_test_11.jpg,0.000,0.00,2,0.40,0,reference,marvelous,"",0.000,"",0.000,"",0.000,"",0.000,0,0,0,0,-1,-1,-1,-1,-1,-1,-1,-1
ocr_test_11.jpg,0.000,0.00,2,0.40,0,reference,perfect,"",0.000,"",0.000,"",0.000,"",0.000,0,0,0,0,-1,-1,-1,-1,-1,-1,-1,-1
ocr_test_11.jpg,0.000,0.00,2,0.40,0,reference,great,"",0.000,"",0.000,"",0.000,"",0.000,0,0,0,0,-1,-1,-1,-1,-1,-1,-1,-1
ocr_test_11.jpg,0.000,0.00,2,0.40,0,reference,good,"",0.000,"",0.000,"",0.000,"",0.000,0,0,0,0,-1,-1,-1,-1,-1,-1,-1,-1
ocr_test_11.jpg,0.000,0.00,2,0.40,0,reference,miss,"",0.000,"",0.000,"",0.000,"",0.000,0,0,0,0,-1,-1,-1,-1,-1,-1,-1,-1
ocr_test_11.jpg,0.000,0.00,2,0.40,0,reference,flare,"",0.000,"",0.000,"",0.000,"",0.000,0,0,0,0,-1,-1,-1,-1,-1,-1,-1,-1
ocr_test_11.jpg,0.000,0.00,2,0.40,0,reference,title,"",0.000,"",0.000,"",0.000,"",0.000,0,0,0,0,-1,-1,-1,-1,-1,-1,-1,-1
ocr_test_11.jpg,0.000,0.00,2,0.40,0,reference,username,"",0.000,"",0.000,"",0.000,"",0.000,0,0,0,0,-1,-1,-1,-1,-1,-1,-1,-1
ocr_test_11.jpg,0.000,0.00,2,0.40,0,reference,difficulty,"",0.000,"",0.000,"",0.000,"",0.000,0,0,0,0,-1,-1,-1,-1,-1,-1,-1,-1
ocr_test_11.jpg,0.000,0.00,2,0.40,0,reference,max_combo,"",0.000,"",0.000,"",0.000,"",0.000,0,0,0,0,-1,-1,-1,-1,-1,-1,-1,-1
ocr_test_11.jpg,0.000,0.00,2,0.40,0,imperfect,score,"",0.000,"",0.000,"",0.000,"",0.000,0,0,0,0,-1,-1,-1,-1,-1,-1,-1,-1
ocr_test_11.jpg,0.000,0.00,2,0.40,0,imperfect,marvelous,"",0.000,"",0.000,"",0.000,"",0.000,0,0,0,0,-1,-1,-1,-1,-1,-1,-1,-1
ocr_test_11.jpg,0.000,0.00,2,0.40,0,imperfect,perfect,"",0.000,"",0.000,"",0.000,"",0.000,0,0,0,0,-1,-1,-1,-1,-1,-1,-1,-1
ocr_test_11.jpg,0.000,0.00,2,0.40,0,imperfect,great,"",0.000,"",0.000,"",0.000,"",0.000,0,0,0,0,-1,-1,-1,-1,-1,-1,-1,-1
ocr_test_11.jpg,0.000,0.00,2,0.40,0,imperfect,good,"",0.000,"",0.000,"",0.000,"",0.000,0,0,0,0,-1,-1,-1,-1,-1,-1,-1,-1
ocr_test_11.jpg,0.000,0.00,2,0.40,0,imperfect,miss,"",0.000,"",0.000,"",0.000,"",0.000,0,0,0,0,-1,-1,-1,-1,-1,-1,-1,-1
ocr_test_11.jpg,0.000,0.00,2,0.40,0,imperfect,flare,"",0.000,"",0.000,"",0.000,"",0.000,0,0,0,0,-1,-1,-1,-1,-1,-1,-1,-1
ocr_test_11.jpg,0.000,0.00,2,0.40,0,imperfect,title,"",0.000,"",0.000,"",0.000,"",0.000,0,0,0,0,-1,-1,-1,-1,-1,-1,-1,-1
ocr_test_11.jpg,0.000,0.00,2,0.40,0,imperfect,username,"",0.000,"",0.000,"",0.000,"",0.000,0,0,0,0,-1,-1,-1,-1,-1,-1,-1,-1
ocr_test_11.jpg,0.000,0.00,2,0.40,0,imperfect,difficulty,"",0.000,"",0.000,"",0.000,"",0.000,0,0,0,0,-1,-1,-1,-1,-1,-1,-1,-1
ocr_test_11.jpg,0.000,0.00,2,0.40,0,imperfect,max_combo,"",0.000,"",0.000,"",0.000,"",0.000,0,0,0,0,-1,-1,-1,-1,-1,-1,-1,-1
ocr_test_11_3.jpg,0.725,1.10,4,0.40,1,reference,score,"999540",0.000,"999,540",0.000,"999,540",0.000,"999,540",0.000,1,1,1,1,785,653,800,659,283,190,4741,4287
ocr_test_11_3.jpg,0.725,1.10,4,0.40,1,reference,marvelous,"474",0.000,"474",0.000,"474",0.000,"474",0.000,1,1,1,1,785,653,800,659,283,190,4741,4287
ocr_test_11_3.jpg,0.725,1.10,4,0.40,1,reference,perfect,"46",0.000,"46",0.000,"46",0.000,"46",0.000,1,1,1,1,785,653,800,659,283,190,4741,4287
ocr_test_11_3.jpg,0.725,1.10,4,0.40,1,reference,great,"0",0.000,"",0.000,"0",0.000,"0",0.000,1,1,1,1,785,653,800,659,283,190,4741,4287
ocr_test_11_3.jpg,0.725,1.10,4,0.40,1,reference,good,"0",0.000,"",0.000,"",0.000,"0",0.000,1,1,1,1,785,653,800,659,283,190,4741,4287
ocr_test_11_3.jpg,0.725,1.10,4,0.40,1,reference,miss,"0",0.000,"26",0.000,"",0.000,"0",0.000,1,1,1,1,785,653,800,659,283,190,4741,4287
ocr_test_11_3.jpg,0.725,1.10,4,0.40,1,reference,flare,"",0.000,"",0.000,"",0.000,"",0.000,1,1,1,1,785,653,800,659,283,190,4741,4287
ocr_test_11_3.jpg,0.725,1.10,4,0.40,1,reference,title,"GROOVE04",0.000,"GROOVE 04",0.000,"GROOVE04",0.000,"GROOVE 04",0.000,1,1,1,1,785,653,800,659,283,190,4741,4287
ocr_test_11_3.jpg,0.725,1.10,4,0.40,1,reference,username,"cYSaamaGaGaYwb",0.000,"SHIGGY",0.000,"SHio",0.000,"SHIGGY",0.000,1,1,1,1,785,653,800,659,283,190,4741,4287
ocr_test_11_3.jpg,0.725,1.10,4,0.40,1,reference,difficulty,"canmaTlowb",0.000,"Expert 16",0.000,"Exepert16",0.000,"Expert16",0.000,1,1,1,1,785,653,800,659,283,190,4741,4287
ocr_test_11_3.jpg,0.725,1.10,4,0.40,1,reference,max_combo,"5200",0.000,"520520",0.000,"520520",0.000,"520520",0.000,1,1,1,1,785,653,800,659,283,190,4741,4287
ocr_test_11_3.jpg,0.725,1.10,4,0.40,1,imperfect,score,"999540",0.000,"999,540",0.000,"999,540",0.000,"999,540",0.000,1,1,1,1,879,716,911,775,316,219,4992,4428
ocr_test_11_3.jpg,0.725,1.10,4,0.40,1,imperfect,marvelous,"474",0.000,"474",0.000,"474",0.000,"474",0.000,1,1,1,1,879,716,911,775,316,219,4992,4428
ocr_test_11_3.jpg,0.725,1.10,4,0.40,1,imperfect,perfect,"46",0.000,"46",0.000,"46",0.000,"46",0.000,1,1,1,1,879,716,911,775,316,219,4992,4428
ocr_test_11_3.jpg,0.725,1.10,4,0.40,1,imperfect,great,"0",0.000,"",0.000,"0",0.000,"0",0.000,1,1,1,1,879,716,911,775,316,219,4992,4428
ocr_test_11_3.jpg,0.725,1.10,4,0.40,1,imperfect,good,"0",0.000,"26",0.000,"0",0.000,"0",0.000,1,1,1,1,879,716,911,775,316,219,4992,4428
ocr_test_11_3.jpg,0.725,1.10,4,0.40,1,imperfect,miss,"0",0.000,"",0.000,"",0.000,"",0.000,1,1,1,1,879,716,911,775,316,219,4992,4428
ocr_test_11_3.jpg,0.725,1.10,4,0.40,1,imperfect,flare,"",0.000,"",0.000,"",0.000,"",0.000,1,1,1,1,879,716,911,775,316,219,4992,4428
ocr_test_11_3.jpg,0.725,1.10,4,0.40,1,imperfect,title,"GROOVE04",0.000,"GROOVE 04",0.000,"GROOVE04",0.000,"GROOVE 04",0.000,1,1,1,1,879,716,911,775,316,219,4992,4428
ocr_test_11_3.jpg,0.725,1.10,4,0.40,1,imperfect,username,"cYaYaaaaaaelwbl",0.000,"SHIGGY",0.000,"SHGO",0.000,"SHIGOY",0.000,1,1,1,1,879,716,911,775,316,219,4992,4428
ocr_test_11_3.jpg,0.725,1.10,4,0.40,1,imperfect,difficulty,"STYLE. ExpertTe",0.000,"STYLEExpert16",0.000,"STYLEEperTG",0.000,"STYLEExpert16",0.000,1,1,1,1,879,716,911,775,316,219,4992,4428
ocr_test_11_3.jpg,0.725,1.10,4,0.40,1,imperfect,max_combo,"52050",0.000,"520520",0.000,"520520",0.000,"520520",0.000,1,1,1,1,879,716,911,775,316,219,4992,4428
ocr_test_12.jpg,0.000,0.00,2,0.40,0,reference,score,"",0.000,"",0.000,"",0.000,"",0.000,0,0,0,0,-1,-1,-1,-1,-1,-1,-1,-1
ocr_test_12.jpg,0.000,0.00,2,0.40,0,reference,marvelous,"",0.000,"",0.000,"",0.000,"",0.000,0,0,0,0,-1,-1,-1,-1,-1,-1,-1,-1
ocr_test_12.jpg,0.000,0.00,2,0.40,0,reference,perfect,"",0.000,"",0.000,"",0.000,"",0.000,0,0,0,0,-1,-1,-1,-1,-1,-1,-1,-1
ocr_test_12.jpg,0.000,0.00,2,0.40,0,reference,great,"",0.000,"",0.000,"",0.000,"",0.000,0,0,0,0,-1,-1,-1,-1,-1,-1,-1,-1
ocr_test_12.jpg,0.000,0.00,2,0.40,0,reference,good,"",0.000,"",0.000,"",0.000,"",0.000,0,0,0,0,-1,-1,-1,-1,-1,-1,-1,-1
ocr_test_12.jpg,0.000,0.00,2,0.40,0,reference,miss,"",0.000,"",0.000,"",0.000,"",0.000,0,0,0,0,-1,-1,-1,-1,-1,-1,-1,-1
ocr_test_12.jpg,0.000,0.00,2,0.40,0,reference,flare,"",0.000,"",0.000,"",0.000,"",0.000,0,0,0,0,-1,-1,-1,-1,-1,-1,-1,-1
ocr_test_12.jpg,0.000,0.00,2,0.40,0,reference,title,"",0.000,"",0.000,"",0.000,"",0.000,0,0,0,0,-1,-1,-1,-1,-1,-1,-1,-1
ocr_test_12.jpg,0.000,0.00,2,0.40,0,reference,username,"",0.000,"",0.000,"",0.000,"",0.000,0,0,0,0,-1,-1,-1,-1,-1,-1,-1,-1
ocr_test_12.jpg,0.000,0.00,2,0.40,0,reference,difficulty,"",0.000,"",0.000,"",0.000,"",0.000,0,0,0,0,-1,-1,-1,-1,-1,-1,-1,-1
ocr_test_12.jpg,0.000,0.00,2,0.40,0,reference,max_combo,"",0.000,"",0.000,"",0.000,"",0.000,0,0,0,0,-1,-1,-1,-1,-1,-1,-1,-1
ocr_test_12.jpg,0.000,0.00,2,0.40,0,imperfect,score,"",0.000,"",0.000,"",0.000,"",0.000,0,0,0,0,-1,-1,-1,-1,-1,-1,-1,-1
ocr_test_12.jpg,0.000,0.00,2,0.40,0,imperfect,marvelous,"",0.000,"",0.000,"",0.000,"",0.000,0,0,0,0,-1,-1,-1,-1,-1,-1,-1,-1
ocr_test_12.jpg,0.000,0.00,2,0.40,0,imperfect,perfect,"",0.000,"",0.000,"",0.000,"",0.000,0,0,0,0,-1,-1,-1,-1,-1,-1,-1,-1
ocr_test_12.jpg,0.000,0.00,2,0.40,0,imperfect,great,"",0.000,"",0.000,"",0.000,"",0.000,0,0,0,0,-1,-1,-1,-1,-1,-1,-1,-1
ocr_test_12.jpg,0.000,0.00,2,0.40,0,imperfect,good,"",0.000,"",0.000,"",0.000,"",0.000,0,0,0,0,-1,-1,-1,-1,-1,-1,-1,-1
ocr_test_12.jpg,0.000,0.00,2,0.40,0,imperfect,miss,"",0.000,"",0.000,"",0.000,"",0.000,0,0,0,0,-1,-1,-1,-1,-1,-1,-1,-1
ocr_test_12.jpg,0.000,0.00,2,0.40,0,imperfect,flare,"",0.000,"",0.000,"",0.000,"",0.000,0,0,0,0,-1,-1,-1,-1,-1,-1,-1,-1
ocr_test_12.jpg,0.000,0.00,2,0.40,0,imperfect,title,"",0.000,"",0.000,"",0.000,"",0.000,0,0,0,0,-1,-1,-1,-1,-1,-1,-1,-1
ocr_test_12.jpg,0.000,0.00,2,0.40,0,imperfect,username,"",0.000,"",0.000,"",0.000,"",0.000,0,0,0,0,-1,-1,-1,-1,-1,-1,-1,-1
ocr_test_12.jpg,0.000,0.00,2,0.40,0,imperfect,difficulty,"",0.000,"",0.000,"",0.000,"",0.000,0,0,0,0,-1,-1,-1,-1,-1,-1,-1,-1
ocr_test_12.jpg,0.000,0.00,2,0.40,0,imperfect,max_combo,"",0.000,"",0.000,"",0.000,"",0.000,0,0,0,0,-1,-1,-1,-1,-1,-1,-1,-1
ocr_test_12_bigger.jpg,0.657,1.40,2,0.40,1,reference,score,"990700",0.000,"990,700",0.000,"990,700",0.000,"990,700",0.000,1,1,1,1,878,748,1112,979,416,308,4065,3736
ocr_test_12_bigger.jpg,0.657,1.40,2,0.40,1,reference,marvelous,"397",0.000,"397",0.000,"397",0.000,"397",0.000,1,1,1,1,878,748,1112,979,416,308,4065,3736
ocr_test_12_bigger.jpg,0.657,1.40,2,0.40,1,reference,perfect,"57",0.000,"57",0.000,"57",0.000,"57",0.000,1,1,1,1,878,748,1112,979,416,308,4065,3736
ocr_test_12_bigger.jpg,0.657,1.40,2,0.40,1,reference,great,"",0.000,"8",0.000,"8",0.000,"8",0.000,1,1,1,1,878,748,1112,979,416,308,4065,3736
ocr_test_12_bigger.jpg,0.657,1.40,2,0.40,1,reference,good,"",0.000,"8",0.000,"",0.000,"8",0.000,1,1,1,1,878,748,1112,979,416,308,4065,3736
ocr_test_12_bigger.jpg,0.657,1.40,2,0.40,1,reference,miss,"23",0.000,"23",0.000,"23",0.000,"23",0.000,1,1,1,1,878,748,1112,979,416,308,4065,3736
ocr_test_12_bigger.jpg,0.657,1.40,2,0.40,1,reference,flare,"",0.000,"",0.000,"",0.000,"",0.000,1,1,1,1,878,748,1112,979,416,308,4065,3736
ocr_test_12_bigger.jpg,0.657,1.40,2,0.40,1,reference,title,"とみつあて（Ryu☆Remix）",0.000,"とみつめていて(Ryu☆Remix)",0.000,"e5ottit (Ryu☆Remix",0.000,"つとみつめていて(Ryu☆Remix)",0.000,1,1,1,1,878,748,1112,979,416,308,4065,3736
ocr_test_12_bigger.jpg,0.657,1.40,2,0.40,1,reference,username,"cYmawb",0.000,"",0.000,"",0.000,"Y",0.000,1,1,1,1,878,748,1112,979,416,308,4065,3736
ocr_test_12_bigger.jpg,0.657,1.40,2,0.40,1,reference,difficulty,"cSaaaaYalllwb",0.000,"SHIGGY",0.000,"SHIGCY",0.000,"SHIGGY",0.000,1,1,1,1,878,748,1112,979,416,308,4065,3736
ocr_test_12_bigger.jpg,0.657,1.40,2,0.40,1,reference,max_combo,"253143",0.000,"253463",0.000,"2531463",0.000,"253463",0.000,1,1,1,1,878,748,1112,979,416,308,4065,3736
ocr_test_12_bigger.jpg,0.657,1.40,2,0.40,1,imperfect,score,"99000",0.000,"990,700",0.000,"990,700",0.000,"990,700",0.000,1,1,1,1,801,644,921,785,470,330,4721,4278
ocr_test_12_bigger.jpg,0.657,1.40,2,0.40,1,imperfect,marvelous,"397",0.000,"397",0.000,"397",0.000,"397",0.000,1,1,1,1,801,644,921,785,470,330,4721,4278
ocr_test_12_bigger.jpg,0.657,1.40,2,0.40,1,imperfect,perfect,"57",0.000,"57",0.000,"57",0.000,"57",0.000,1,1,1,1,801,644,921,785,470,330,4721,4278
ocr_test_12_bigger.jpg,0.657,1.40,2,0.40,1,imperfect,great,"",0.000,"8",0.000,"8",0.000,"8",0.000,1,1,1,1,801,644,921,785,470,330,4721,4278
ocr_test_12_bigger.jpg,0.657,1.40,2,0.40,1,imperfect,good,"",0.000,"0",0.000,"",0.000,"0",0.000,1,1,1,1,801,644,921,785,470,330,4721,4278
ocr_test_12_bigger.jpg,0.657,1.40,2,0.40,1,imperfect,miss,"223",0.000,"23",0.000,"23",0.000,"23",0.000,1,1,1,1,801,644,921,785,470,330,4721,4278
ocr_test_12_bigger.jpg,0.657,1.40,2,0.40,1,imperfect,flare,"",0.000,"",0.000,"",0.000,"",0.000,1,1,1,1,801,644,921,785,470,330,4721,4278
ocr_test_12_bigger.jpg,0.657,1.40,2,0.40,1,imperfect,title,"みSotR（Ryu☆Remix）",0.000,"38(tて(RyuNRemix)",0.000,"s5o ttit (Ryu☆Remix",0.000,"みつあていて(Ryu☆Remix)",0.000,1,1,1,1,801,644,921,785,470,330,4721,4278
ocr_test_12_bigger.jpg,0.657,1.40,2,0.40,1,imperfect,username,"b",0.000,"CU",0.000,"A",0.000,"SY",0.000,1,1,1,1,801,644,921,785,470,330,4721,4278
ocr_test_12_bigger.jpg,0.657,1.40,2,0.40,1,imperfect,difficulty,"SHIGGYO",0.000,"SHIGGY",0.000,"CNOSHIGGYO",0.000,"SHIGGY",0.000,1,1,1,1,801,644,921,785,470,330,4721,4278
ocr_test_12_bigger.jpg,0.657,1.40,2,0.40,1,imperfect,max_combo,"25343",0.000,"253463",0.000,"253463",0.000,"253463",0.000,1,1,1,1,801,644,921,785,470,330,4721,4278
ocr_test_13_.jpg,0.549,1.30,6,0.40,1,reference,score,"997740",0.000,"997,740",0.000,"997740",0.000,"997,740",0.000,1,1,1,1,865,726,867,730,322,221,4614,4236
ocr_test_13_.jpg,0.549,1.30,6,0.40,1,reference,marvelous,"473",0.000,"473",0.000,"473",0.000,"473",0.000,1,1,1,1,865,726,867,730,322,221,4614,4236
ocr_test_13_.jpg,0.549,1.30,6,0.40,1,reference,perfect,"80",0.000,"80",0.000,"80",0.000,"80",0.000,1,1,1,1,865,726,867,730,322,221,4614,4236
ocr_test_13_.jpg,0.549,1.30,6,0.40,1,reference,great,"2",0.000,"",0.000,"",0.000,"2",0.000,1,1,1,1,865,726,867,730,322,221,4614,4236
ocr_test_13_.jpg,0.549,1.30,6,0.40,1,reference,good,"0",0.000,"",0.000,"",0.000,"0",0.000,1,1,1,1,865,726,867,730,322,221,4614,4236
ocr_test_13_.jpg,0.549,1.30,6,0.40,1,reference,miss,"",0.000,"",0.000,"0",0.000,"0",0.000,1,1,1,1,865,726,867,730,322,221,4614,4236
ocr_test_13_.jpg,0.549,1.30,6,0.40,1,reference,flare,"",0.000,"",0.000,"",0.000,"",0.000,1,1,1,1,865,726,867,730,322,221,4614,4236
ocr_test_13_.jpg,0.549,1.30,6,0.40,1,reference,title,"",0.000,"",0.000,"",0.000,"",0.000,1,1,1,1,865,726,867,730,322,221,4614,4236
ocr_test_13_.jpg,0.549,1.30,6,0.40,1,reference,username,"cYanaYlwbl",0.000,"1",0.000,"",0.000,"",0.000,1,1,1,1,865,726,867,730,322,221,4614,4236
ocr_test_13_.jpg,0.549,1.30,6,0.40,1,reference,difficulty,"cannawb",0.000,"ertis",0.000,"P5",0.000,"ert is",0.000,1,1,1,1,865,726,867,730,322,221,4614,4236
ocr_test_13_.jpg,0.549,1.30,6,0.40,1,reference,max_combo,"555555",0.000,"555555",0.000,"555555",0.000,"555555",0.000,1,1,1,1,865,726,867,730,322,221,4614,4236
ocr_test_13_.jpg,0.549,1.30,6,0.40,1,imperfect,score,"997740",0.000,"997,740",0.000,"997740",0.000,"997,740",0.000,1,1,1,1,872,734,922,780,284,194,4668,4226
ocr_test_13_.jpg,0.549,1.30,6,0.40,1,imperfect,marvelous,"473",0.000,"473",0.000,"473",0.000,"473",0.000,1,1,1,1,872,734,922,780,284,194,4668,4226
ocr_test_13_.jpg,0.549,1.30,6,0.40,1,imperfect,perfect,"80",0.000,"80",0.000,"80",0.000,"80",0.000,1,1,1,1,872,734,922,780,284,194,4668,4226
ocr_test_13_.jpg,0.549,1.30,6,0.40,1,imperfect,great,"2",0.000,"",0.000,"2",0.000,"2",0.000,1,1,1,1,872,734,922,780,284,194,4668,4226
ocr_test_13_.jpg,0.549,1.30,6,0.40,1,imperfect,good,"0",0.000,"",0.000,"2",0.000,"0",0.000,1,1,1,1,872,734,922,780,284,194,4668,4226
ocr_test_13_.jpg,0.549,1.30,6,0.40,1,imperfect,miss,"2",0.000,"",0.000,"0",0.000,"",0.000,1,1,1,1,872,734,922,780,284,194,4668,4226
ocr_test_13_.jpg,0.549,1.30,6,0.40,1,imperfect,flare,"",0.000,"",0.000,"",0.000,"",0.000,1,1,1,1,872,734,922,780,284,194,4668,4226
ocr_test_13_.jpg,0.549,1.30,6,0.40,1,imperfect,title,"",0.000,"",0.000,"0",0.000,"",0.000,1,1,1,1,872,734,922,780,284,194,4668,4226
ocr_test_13_.jpg,0.549,1.30,6,0.40,1,imperfect,username,"cYalwbl",0.000,"一",0.000,"",0.000,"",0.000,1,1,1,1,872,734,922,780,284,194,4668,4226
ocr_test_13_.jpg,0.549,1.30,6,0.40,1,imperfect,difficulty,"MPERS",0.000,"ExperI 1S",0.000,"3",0.000,"Expert 19",0.000,1,1,1,1,872,734,922,780,284,194,4668,4226
ocr_test_13_.jpg,0.549,1.30,6,0.40,1,imperfect,max_combo,"555555",0.000,"555555",0.000,"555555",0.000,"555555",0.000,1,1,1,1,872,734,922,780,284,194,4668,4226
ocr_test_2.jpeg,0.758,1.40,11,0.40,1,reference,score,"993,90",0.000,"993,950",0.000,"993,950",0.000,"993,950",0.000,1,1,1,1,1051,859,1156,831,309,180,3811,3413
ocr_test_2.jpeg,0.758,1.40,11,0.40,1,reference,marvelous,"412",0.000,"412",0.000,"412",0.000,"412",0.000,1,1,1,1,1051,859,1156,831,309,180,3811,3413
ocr_test_2.jpeg,0.758,1.40,11,0.40,1,reference,perfect,"64",0.000,"64",0.000,"64",0.000,"64",0.000,1,1,1,1,1051,859,1156,831,309,180,3811,3413
ocr_test_2.jpeg,0.758,1.40,11,0.40,1,reference,great,"4",0.000,"4",0.000,"4",0.000,"4",0.000,1,1,1,1,1051,859,1156,831,309,180,3811,3413
ocr_test_2.jpeg,0.758,1.40,11,0.40,1,reference,good,"0",0.000,"0",0.000,"2",0.000,"",0.000,1,1,1,1,1051,859,1156,831,309,180,3811,3413
ocr_test_2.jpeg,0.758,1.40,11,0.40,1,reference,miss,"4",0.000,"1",0.000,"1",0.000,"1",0.000,1,1,1,1,1051,859,1156,831,309,180,3811,3413
ocr_test_2.jpeg,0.758,1.40,11,0.40,1,reference,flare,"",0.000,"",0.000,"",0.000,"",0.000,1,1,1,1,1051,859,1156,831,309,180,3811,3413
ocr_test_2.jpeg,0.758,1.40,11,0.40,1,reference,title,"RANA",0.000,"PRANA",0.000,"PRANA",0.000,"中PRANA",0.000,1,1,1,1,1051,859,1156,831,309,180,3811,3413
ocr_test_2.jpeg,0.758,1.40,11,0.40,1,reference,username,"cYananlow",0.000,"A",0.000,"AB",0.000,"C",0.000,1,1,1,1,1051,859,1156,831,309,180,3811,3413
ocr_test_2.jpeg,0.758,1.40,11,0.40,1,reference,difficulty,"camGacmawb",0.000,"Expert 14",0.000,"Expert14",0.000,"Expert14",0.000,1,1,1,1,1051,859,1156,831,309,180,3811,3413
ocr_test_2.jpeg,0.758,1.40,11,0.40,1,reference,max_combo,"2881481",0.000,"288481",0.000,"288481",0.000,"288481",0.000,1,1,1,1,1051,859,1156,831,309,180,3811,3413
ocr_test_2.jpeg,0.758,1.40,11,0.40,1,imperfect,score,"993950",0.000,"993,950",0.000,"993,950",0.000,"993,950",0.000,1,1,1,1,908,733,981,772,338,206,4282,3879
ocr_test_2.jpeg,0.758,1.40,11,0.40,1,imperfect,marvelous,"412",0.000,"412",0.000,"412",0.000,"412",0.000,1,1,1,1,908,733,981,772,338,206,4282,3879
ocr_test_2.jpeg,0.758,1.40,11,0.40,1,imperfect,perfect,"64",0.000,"64",0.000,"64",0.000,"64",0.000,1,1,1,1,908,733,981,772,338,206,4282,3879
ocr_test_2.jpeg,0.758,1.40,11,0.40,1,imperfect,great,"24",0.000,"0",0.000,"4",0.000,"4",0.000,1,1,1,1,908,733,981,772,338,206,4282,3879
ocr_test_2.jpeg,0.758,1.40,11,0.40,1,imperfect,good,"0",0.000,"0",0.000,"2",0.000,"0",0.000,1,1,1,1,908,733,981,772,338,206,4282,3879
ocr_test_2.jpeg,0.758,1.40,11,0.40,1,imperfect,miss,"",0.000,"1",0.000,"1",0.000,"1",0.000,1,1,1,1,908,733,981,772,338,206,4282,3879
ocr_test_2.jpeg,0.758,1.40,11,0.40,1,imperfect,flare,"",0.000,"",0.000,"",0.000,"",0.000,1,1,1,1,908,733,981,772,338,206,4282,3879
ocr_test_2.jpeg,0.758,1.40,11,0.40,1,imperfect,title,"PBANA",0.000,"PRANA",0.000,"PRANA",0.000,"PRANA",0.000,1,1,1,1,908,733,981,772,338,206,4282,3879
ocr_test_2.jpeg,0.758,1.40,11,0.40,1,imperfect,username,"cYYanaaYlb",0.000,"TAIGGV",0.000,"EC",0.000,"CAIGGY",0.000,1,1,1,1,908,733,981,772,338,206,4282,3879
ocr_test_2.jpeg,0.758,1.40,11,0.40,1,imperfect,difficulty,"SINGLE Expert74",0.000,"SINGLE Expert14",0.000,"SINGLE Eepert14",0.000,"SINGLE Expert14",0.000,1,1,1,1,908,733,981,772,338,206,4282,3879
ocr_test_2.jpeg,0.758,1.40,11,0.40,1,imperfect,max_combo,"2881481",0.000,"288481",0.000,"288481",0.000,"288481",0.000,1,1,1,1,908,733,981,772,338,206,4282,3879
ocr_test_2.jpg,0.758,1.40,15,0.40,1,reference,score,"993,90",0.000,"993,950",0.000,"993,950",0.000,"993,950",0.000,1,1,1,1,1073,883,1006,709,489,254,4236,3869
ocr_test_2.jpg,0.758,1.40,15,0.40,1,reference,marvelous,"412",0.000,"412",0.000,"412",0.000,"412",0.000,1,1,1,1,1073,883,1006,709,489,254,4236,3869
ocr_test_2.jpg,0.758,1.40,15,0.40,1,reference,perfect,"64",0.000,"64",0.000,"64",0.000,"64",0.000,1,1,1,1,1073,883,1006,709,489,254,4236,3869
ocr_test_2.jpg,0.758,1.40,15,0.40,1,reference,great,"4",0.000,"0",0.000,"4",0.000,"4",0.000,1,1,1,1,1073,883,1006,709,489,254,4236,3869
ocr_test_2.jpg,0.758,1.40,15,0.40,1,reference,good,"0",0.000,"0",0.000,"0",0.000,"0",0.000,1,1,1,1,1073,883,1006,709,489,254,4236,3869
ocr_test_2.jpg,0.758,1.40,15,0.40,1,reference,miss,"",0.000,"1",0.000,"1",0.000,"1",0.000,1,1,1,1,1073,883,1006,709,489,254,4236,3869
ocr_test_2.jpg,0.758,1.40,15,0.40,1,reference,flare,"",0.000,"",0.000,"",0.000,"",0.000,1,1,1,1,1073,883,1006,709,489,254,4236,3869
ocr_test_2.jpg,0.758,1.40,15,0.40,1,reference,title,"RANA",0.000,"PRANA",0.000,"PRANA",0.000,"PRANA",0.000,1,1,1,1,1073,883,1006,709,489,254,4236,3869
ocr_test_2.jpg,0.758,1.40,15,0.40,1,reference,username,"cYaano",0.000,"",0.000,"PAE",0.000,"",0.000,1,1,1,1,1073,883,1006,709,489,254,4236,3869
ocr_test_2.jpg,0.758,1.40,15,0.40,1,reference,difficulty,"camanawb",0.000,"Expert 14",0.000,"EEcpert4",0.000,"Expert14",0.000,1,1,1,1,1073,883,1006,709,489,254,4236,3869
ocr_test_2.jpg,0.758,1.40,15,0.40,1,reference,max_combo,"2881481",0.000,"288481",0.000,"288481",0.000,"288481",0.000,1,1,1,1,1073,883,1006,709,489,254,4236,3869
ocr_test_2.jpg,0.758,1.40,15,0.40,1,imperfect,score,"993,950",0.000,"993,950",0.000,"993,950",0.000,"993,950",0.000,1,1,1,1,992,811,983,801,359,220,4329,3929
ocr_test_2.jpg,0.758,1.40,15,0.40,1,imperfect,marvelous,"412",0.000,"412",0.000,"412",0.000,"412",0.000,1,1,1,1,992,811,983,801,359,220,4329,3929
ocr_test_2.jpg,0.758,1.40,15,0.40,1,imperfect,perfect,"64",0.000,"64",0.000,"64",0.000,"64",0.000,1,1,1,1,992,811,983,801,359,220,4329,3929
ocr_test_2.jpg,0.758,1.40,15,0.40,1,imperfect,great,"",0.000,"",0.000,"4",0.000,"4",0.000,1,1,1,1,992,811,983,801,359,220,4329,3929
ocr_test_2.jpg,0.758,1.40,15,0.40,1,imperfect,good,"",0.000,"",0.000,"",0.000,"0",0.000,1,1,1,1,992,811,983,801,359,220,4329,3929
ocr_test_2.jpg,0.758,1.40,15,0.40,1,imperfect,miss,"",0.000,"1",0.000,"1",0.000,"1",0.000,1,1,1,1,992,811,983,801,359,220,4329,3929
ocr_test_2.jpg,0.758,1.40,15,0.40,1,imperfect,flare,"",0.000,"",0.000,"",0.000,"",0.000,1,1,1,1,992,811,983,801,359,220,4329,3929
ocr_test_2.jpg,0.758,1.40,15,0.40,1,imperfect,title,"PRANA",0.000,"PRANA",0.000,"PRANA",0.000,"PRANA",0.000,1,1,1,1,992,811,983,801,359,220,4329,3929
ocr_test_2.jpg,0.758,1.40,15,0.40,1,imperfect,username,"cYaalb",0.000,"A",0.000,"AEO",0.000,"",0.000,1,1,1,1,992,811,983,801,359,220,4329,3929
ocr_test_2.jpg,0.758,1.40,15,0.40,1,imperfect,difficulty,"SINgLE Fxnert",0.000,"SINGLE Expert14",0.000,"sINGLE Eenert",0.000,"SINGLE Expert14",0.000,1,1,1,1,992,811,983,801,359,220,4329,3929
ocr_test_2.jpg,0.758,1.40,15,0.40,1,imperfect,max_combo,"2881481",0.000,"288481",0.000,"288481",0.000,"288481",0.000,1,1,1,1,992,811,983,801,359,220,4329,3929
ocr_test_3.jpeg,0.533,1.40,4,0.40,1,reference,score,"991350",0.000,"991,350",0.000,"991,350",0.000,"991,350",0.000,1,1,1,1,889,761,867,730,266,177,3835,3499
ocr_test_3.jpeg,0.533,1.40,4,0.40,1,reference,marvelous,"316",0.000,"316",0.000,"316",0.000,"316",0.000,1,1,1,1,889,761,867,730,266,177,3835,3499
ocr_test_3.jpeg,0.533,1.40,4,0.40,1,reference,perfect,"55",0.000,"55",0.000,"55",0.000,"55",0.000,1,1,1,1,889,761,867,730,266,177,3835,3499
ocr_test_3.jpeg,0.533,1.40,4,0.40,1,reference,great,"6",0.000,"6",0.000,"6",0.000,"6",0.000,1,1,1,1,889,761,867,730,266,177,3835,3499
ocr_test_3.jpeg,0.533,1.40,4,0.40,1,reference,good,"1",0.000,"1",0.000,"1",0.000,"1",0.000,1,1,1,1,889,761,867,730,266,177,3835,3499
ocr_test_3.jpeg,0.533,1.40,4,0.40,1,reference,miss,"0",0.000,"21",0.000,"",0.000,"21",0.000,1,1,1,1,889,761,867,730,266,177,3835,3499
ocr_test_3.jpeg,0.533,1.40,4,0.40,1,reference,flare,"",0.000,"",0.000,"",0.000,"",0.000,1,1,1,1,889,761,867,730,266,177,3835,3499
ocr_test_3.jpeg,0.533,1.40,4,0.40,1,reference,title,"",0.000,"4",0.000,"",0.000,"",0.000,1,1,1,1,889,761,867,730,266,177,3835,3499
ocr_test_3.jpeg,0.533,1.40,4,0.40,1,reference,username,"cGaYanalwb",0.000,"GYA",0.000,"GYAIA",0.000,"GY",0.000,1,1,1,1,889,761,867,730,266,177,3835,3499
ocr_test_3.jpeg,0.533,1.40,4,0.40,1,reference,difficulty,"cnaenwb",0.000,"enge14",0.000,"enge14",0.000,"enge74",0.000,1,1,1,1,889,761,867,730,266,177,3835,3499
ocr_test_3.jpeg,0.533,1.40,4,0.40,1,reference,max_combo,"378378",0.000,"378378",0.000,"378378",0.000,"378378",0.000,1,1,1,1,889,761,867,730,266,177,3835,3499
ocr_test_3.jpeg,0.533,1.40,4,0.40,1,imperfect,score,"99130",0.000,"991,350",0.000,"991,350",0.000,"991,350",0.000,1,1,1,1,910,770,934,791,296,201,5542,5171
ocr_test_3.jpeg,0.533,1.40,4,0.40,1,imperfect,marvelous,"316",0.000,"316",0.000,"316",0.000,"316",0.000,1,1,1,1,910,770,934,791,296,201,5542,5171
ocr_test_3.jpeg,0.533,1.40,4,0.40,1,imperfect,perfect,"55",0.000,"55",0.000,"55",0.000,"55",0.000,1,1,1,1,910,770,934,791,296,201,5542,5171
ocr_test_3.jpeg,0.533,1.40,4,0.40,1,imperfect,great,"6",0.000,"6",0.000,"6",0.000,"6",0.000,1,1,1,1,910,770,934,791,296,201,5542,5171
ocr_test_3.jpeg,0.533,1.40,4,0.40,1,imperfect,good,"1",0.000,"1",0.000,"1",0.000,"1",0.000,1,1,1,1,910,770,934,791,296,201,5542,5171
ocr_test_3.jpeg,0.533,1.40,4,0.40,1,imperfect,miss,"0",0.000,"0",0.000,"",0.000,"",0.000,1,1,1,1,910,770,934,791,296,201,5542,5171
ocr_test_3.jpeg,0.533,1.40,4,0.40,1,imperfect,flare,"",0.000,"",0.000,"",0.000,"",0.000,1,1,1,1,910,770,934,791,296,201,5542,5171
ocr_test_3.jpeg,0.533,1.40,4,0.40,1,imperfect,title,"",0.000,"",0.000,"",0.000,"",0.000,1,1,1,1,910,770,934,791,296,201,5542,5171
ocr_test_3.jpeg,0.533,1.40,4,0.40,1,imperfect,username,"cYaaYYaanlwbl",0.000,"GY",0.000,"GYAE",0.000,"GY",0.000,1,1,1,1,910,770,934,791,296,201,5542,5171
ocr_test_3.jpeg,0.533,1.40,4,0.40,1,imperfect,difficulty,"hallenge14",0.000,"hallenge14",0.000,"hallenge14",0.000,"hallenge14",0.000,1,1,1,1,910,770,934,791,296,201,5542,5171
ocr_test_3.jpeg,0.533,1.40,4,0.40,1,imperfect,max_combo,"378378",0.000,"378378",0.000,"378378",0.000,"378378",0.000,1,1,1,1,910,770,934,791,296,201,5542,5171
ocr_test_3.jpg,0.807,1.30,3,0.40,1,reference,score,"93990",0.000,"939,970",0.000,"939,970",0.000,"939,970",0.000,1,1,1,1,793,659,1067,826,377,199,4058,3735
ocr_test_3.jpg,0.807,1.30,3,0.40,1,reference,marvelous,"373",0.000,"373",0.000,"373",0.000,"373",0.000,1,1,1,1,793,659,1067,826,377,199,4058,3735
ocr_test_3.jpg,0.807,1.30,3,0.40,1,reference,perfect,"110",0.000,"110",0.000,"110",0.000,"110",0.000,1,1,1,1,793,659,1067,826,377,199,4058,3735
ocr_test_3.jpg,0.807,1.30,3,0.40,1,reference,great,"43",0.000,"43",0.000,"43",0.000,"43",0.000,1,1,1,1,793,659,1067,826,377,199,4058,3735
ocr_test_3.jpg,0.807,1.30,3,0.40,1,reference,good,"10",0.000,"9",0.000,"9",0.000,"9",0.000,1,1,1,1,793,659,1067,826,377,199,4058,3735
ocr_test_3.jpg,0.807,1.30,3,0.40,1,reference,miss,"10",0.000,"10",0.000,"10",0.000,"10",0.000,1,1,1,1,793,659,1067,826,377,199,4058,3735
ocr_test_3.jpg,0.807,1.30,3,0.40,1,reference,flare,"",0.000,"",0.000,"",0.000,"",0.000,1,1,1,1,793,659,1067,826,377,199,4058,3735
ocr_test_3.jpg,0.807,1.30,3,0.40,1,reference,title,"",0.000,"Cm",0.000,"",0.000,"",0.000,1,1,1,1,793,659,1067,826,377,199,4058,3735
ocr_test_3.jpg,0.807,1.30,3,0.40,1,reference,username,"cYaaalwb",0.000,"",0.000,"",0.000,"",0.000,1,1,1,1,793,659,1067,826,377,199,4058,3735
ocr_test_3.jpg,0.807,1.30,3,0.40,1,reference,difficulty,"cYalb",0.000,"",0.000,"",0.000,"",0.000,1,1,1,1,793,659,1067,826,377,199,4058,3735
ocr_test_3.jpg,0.807,1.30,3,0.40,1,reference,max_combo,"121583",0.000,"121583",0.000,"121583",0.000,"121583",0.000,1,1,1,1,793,659,1067,826,377,199,4058,3735
ocr_test_3.jpg,0.807,1.30,3,0.40,1,imperfect,score,"9390",0.000,"939,970",0.000,"939,970",0.000,"939,970",0.000,1,1,1,1,850,716,990,851,411,218,4437,3932
ocr_test_3.jpg,0.807,1.30,3,0.40,1,imperfect,marvelous,"373",0.000,"373",0.000,"373",0.000,"373",0.000,1,1,1,1,850,716,990,851,411,218,4437,3932
ocr_test_3.jpg,0.807,1.30,3,0.40,1,imperfect,perfect,"110",0.000,"110",0.000,"110",0.000,"110",0.000,1,1,1,1,850,716,990,851,411,218,4437,3932
ocr_test_3.jpg,0.807,1.30,3,0.40,1,imperfect,great,"43",0.000,"43",0.000,"43",0.000,"43",0.000,1,1,1,1,850,716,990,851,411,218,4437,3932
ocr_test_3.jpg,0.807,1.30,3,0.40,1,imperfect,good,"10",0.000,"44",0.000,"9",0.000,"9",0.000,1,1,1,1,850,716,990,851,411,218,4437,3932
ocr_test_3.jpg,0.807,1.30,3,0.40,1,imperfect,miss,"10",0.000,"10",0.000,"10",0.000,"10",0.000,1,1,1,1,850,716,990,851,411,218,4437,3932
ocr_test_3.jpg,0.807,1.30,3,0.40,1,imperfect,flare,"",0.000,"",0.000,"",0.000,"",0.000,1,1,1,1,850,716,990,851,411,218,4437,3932
ocr_test_3.jpg,0.807,1.30,3,0.40,1,imperfect,title,"c",0.000,"Xml",0.000,"",0.000,"C",0.000,1,1,1,1,850,716,990,851,411,218,4437,3932
ocr_test_3.jpg,0.807,1.30,3,0.40,1,imperfect,username,"cYalwbl",0.000,"",0.000,"",0.000,"",0.000,1,1,1,1,850,716,990,851,411,218,4437,3932
ocr_test_3.jpg,0.807,1.30,3,0.40,1,imperfect,difficulty,"",0.000,"",0.000,"",0.000,"",0.000,1,1,1,1,850,716,990,851,411,218,4437,3932
ocr_test_3.jpg,0.807,1.30,3,0.40,1,imperfect,max_combo,"121583",0.000,"121583",0.000,"121583",0.000,"121583",0.000,1,1,1,1,850,716,990,851,411,218,4437,3932
ocr_test_4.jpeg,0.725,1.40,5,0.40,1,reference,score,"993330",0.000,"993,330",0.000,"993,330",0.000,"993,330",0.000,1,1,1,1,1123,935,958,782,543,249,3923,3584
ocr_test_4.jpeg,0.725,1.40,5,0.40,1,reference,marvelous,"333",0.000,"333",0.000,"333",0.000,"333",0.000,1,1,1,1,1123,935,958,782,543,249,3923,3584
ocr_test_4.jpeg,0.725,1.40,5,0.40,1,reference,perfect,"1",0.000,"61",0.000,"61",0.000,"61",0.000,1,1,1,1,1123,935,958,782,543,249,3923,3584
ocr_test_4.jpeg,0.725,1.40,5,0.40,1,reference,great,"6",0.000,"",0.000,"6",0.000,"6",0.000,1,1,1,1,1123,935,958,782,543,249,3923,3584
ocr_test_4.jpeg,0.725,1.40,5,0.40,1,reference,good,"0",0.000,"",0.000,"0",0.000,"0",0.000,1,1,1,1,1123,935,958,782,543,249,3923,3584
ocr_test_4.jpeg,0.725,1.40,5,0.40,1,reference,miss,"0",0.000,"",0.000,"",0.000,"0",0.000,1,1,1,1,1123,935,958,782,543,249,3923,3584
ocr_test_4.jpeg,0.725,1.40,5,0.40,1,reference,flare,"",0.000,"",0.000,"",0.000,"",0.000,1,1,1,1,1123,935,958,782,543,249,3923,3584
ocr_test_4.jpeg,0.725,1.40,5,0.40,1,reference,title,"ORION.78(AMeur-MX",0.000,"ORION.78(AMeuro-MIX)",0.000,"ORION.A78CAMeur-MIX)",0.000,"ORION.78(AMeura-MIX)",0.000,1,1,1,1,1123,935,958,782,543,249,3923,3584
ocr_test_4.jpeg,0.725,1.40,5,0.40,1,reference,username,"cYaaaYlllwbl",0.000,"",0.000,"EAU",0.000,"XV",0.000,1,1,1,1,1123,935,958,782,543,249,3923,3584
ocr_test_4.jpeg,0.725,1.40,5,0.40,1,reference,difficulty,"cYmananaanYnYeYllowbl",0.000,"SHIGGYUAN",0.000,"SHIGGvA",0.000,"Challenge1",0.000,1,1,1,1,1123,935,958,782,543,249,3923,3584
ocr_test_4.jpeg,0.725,1.40,5,0.40,1,reference,max_combo,"4001400",0.000,"400400",0.000,"400400",0.000,"400400",0.000,1,1,1,1,1123,935,958,782,543,249,3923,3584
ocr_test_4.jpeg,0.725,1.40,5,0.40,1,imperfect,score,"993330",0.000,"993,330",0.000,"993,330",0.000,"993,330",0.000,1,1,1,1,851,707,988,805,323,222,4101,3743
ocr_test_4.jpeg,0.725,1.40,5,0.40,1,imperfect,marvelous,"333",0.000,"333",0.000,"333",0.000,"333",0.000,1,1,1,1,851,707,988,805,323,222,4101,3743
ocr_test_4.jpeg,0.725,1.40,5,0.40,1,imperfect,perfect,"1",0.000,"61",0.000,"61",0.000,"61",0.000,1,1,1,1,851,707,988,805,323,222,4101,3743
ocr_test_4.jpeg,0.725,1.40,5,0.40,1,imperfect,great,"6",0.000,"6",0.000,"6",0.000,"6",0.000,1,1,1,1,851,707,988,805,323,222,4101,3743
ocr_test_4.jpeg,0.725,1.40,5,0.40,1,imperfect,good,"0",0.000,"0",0.000,"0",0.000,"0",0.000,1,1,1,1,851,707,988,805,323,222,4101,3743
ocr_test_4.jpeg,0.725,1.40,5,0.40,1,imperfect,miss,"",0.000,"",0.000,"",0.000,"0",0.000,1,1,1,1,851,707,988,805,323,222,4101,3743
ocr_test_4.jpeg,0.725,1.40,5,0.40,1,imperfect,flare,"",0.000,"",0.000,"",0.000,"",0.000,1,1,1,1,851,707,988,805,323,222,4101,3743
ocr_test_4.jpeg,0.725,1.40,5,0.40,1,imperfect,title,"ORION.78(AMeura-MIX)",0.000,"ORION.78(AMeuro-MIX)",0.000,"ORION.78(AMeuro-MIX)",0.000,"ORION.78(AMeuro-MIX)",0.000,1,1,1,1,851,707,988,805,323,222,4101,3743
ocr_test_4.jpeg,0.725,1.40,5,0.40,1,imperfect,username,"cYaalwbl",0.000,"U",0.000,"U",0.000,"",0.000,1,1,1,1,851,707,988,805,323,222,4101,3743
ocr_test_4.jpeg,0.725,1.40,5,0.40,1,imperfect,difficulty,"",0.000,"SINGIESHIOOY",0.000,"cC",0.000,"TSHIOGY",0.000,1,1,1,1,851,707,988,805,323,222,4101,3743
ocr_test_4.jpeg,0.725,1.40,5,0.40,1,imperfect,max_combo,"4001400",0.000,"400400",0.000,"400400",0.000,"400400",0.000,1,1,1,1,851,707,988,805,323,222,4101,3743
ocr_test_4.jpg,0.774,1.50,6,0.40,1,reference,score,"9880",0.000,"988,320",0.000,"988,320",0.000,"988,320",0.000,1,1,1,1,858,687,1267,1095,457,300,3968,3569
ocr_test_4.jpg,0.774,1.50,6,0.40,1,reference,marvelous,"510",0.000,"510",0.000,"510",0.000,"510",0.000,1,1,1,1,858,687,1267,1095,457,300,3968,3569
ocr_test_4.jpg,0.774,1.50,6,0.40,1,reference,perfect,"114",0.000,"114",0.000,"114",0.000,"114",0.000,1,1,1,1,858,687,1267,1095,457,300,3968,3569
ocr_test_4.jpg,0.774,1.50,6,0.40,1,reference,great,"1",0.000,"12",0.000,"12",0.000,"12",0.000,1,1,1,1,858,687,1267,1095,457,300,3968,3569
ocr_test_4.jpg,0.774,1.50,6,0.40,1,reference,good,"1",0.000,"0",0.000,"0",0.000,"0",0.000,1,1,1,1,858,687,1267,1095,457,300,3968,3569
ocr_test_4.jpg,0.774,1.50,6,0.40,1,reference,miss,"1",0.000,"2",0.000,"2",0.000,"2",0.000,1,1,1,1,858,687,1267,1095,457,300,3968,3569
ocr_test_4.jpg,0.774,1.50,6,0.40,1,reference,flare,"",0.000,"",0.000,"",0.000,"",0.000,1,1,1,1,858,687,1267,1095,457,300,3968,3569
ocr_test_4.jpg,0.774,1.50,6,0.40,1,reference,title,"",0.000,"",0.000,"",0.000,"",0.000,1,1,1,1,858,687,1267,1095,457,300,3968,3569
ocr_test_4.jpg,0.774,1.50,6,0.40,1,reference,username,"cYanawb",0.000,"K",0.000,"",0.000,"N",0.000,1,1,1,1,858,687,1267,1095,457,300,3968,3569
ocr_test_4.jpg,0.774,1.50,6,0.40,1,reference,difficulty,"callwb",0.000,"",0.000,"",0.000,"",0.000,1,1,1,1,858,687,1267,1095,457,300,3968,3569
ocr_test_4.jpg,0.774,1.50,6,0.40,1,reference,max_combo,"313",0.000,"31363",0.000,"313163",0.000,"31363",0.000,1,1,1,1,858,687,1267,1095,457,300,3968,3569
ocr_test_4.jpg,0.774,1.50,6,0.40,1,imperfect,score,"9880",0.000,"988,320",0.000,"988,320",0.000,"988,320",0.000,1,1,1,1,961,794,1044,844,340,214,4783,4338
ocr_test_4.jpg,0.774,1.50,6,0.40,1,imperfect,marvelous,"510",0.000,"510",0.000,"510",0.000,"510",0.000,1,1,1,1,961,794,1044,844,340,214,4783,4338
ocr_test_4.jpg,0.774,1.50,6,0.40,1,imperfect,perfect,"114",0.000,"114",0.000,"114",0.000,"114",0.000,1,1,1,1,961,794,1044,844,340,214,4783,4338
ocr_test_4.jpg,0.774,1.50,6,0.40,1,imperfect,great,"1",0.000,"12",0.000,"12",0.000,"12",0.000,1,1,1,1,961,794,1044,844,340,214,4783,4338
ocr_test_4.jpg,0.774,1.50,6,0.40,1,imperfect,good,"1",0.000,"0",0.000,"",0.000,"0",0.000,1,1,1,1,961,794,1044,844,340,214,4783,4338
ocr_test_4.jpg,0.774,1.50,6,0.40,1,imperfect,miss,"22",0.000,"2",0.000,"2",0.000,"2",0.000,1,1,1,1,961,794,1044,844,340,214,4783,4338
ocr_test_4.jpg,0.774,1.50,6,0.40,1,imperfect,flare,"",0.000,"",0.000,"",0.000,"",0.000,1,1,1,1,961,794,1044,844,340,214,4783,4338
ocr_test_4.jpg,0.774,1.50,6,0.40,1,imperfect,title,"[",0.000,"",0.000,"",0.000,"",0.000,1,1,1,1,961,794,1044,844,340,214,4783,4338
ocr_test_4.jpg,0.774,1.50,6,0.40,1,imperfect,username,"ab",0.000,"K",0.000,"",0.000,"AK",0.000,1,1,1,1,961,794,1044,844,340,214,4783,4338
ocr_test_4.jpg,0.774,1.50,6,0.40,1,imperfect,difficulty,"",0.000,"",0.000,"",0.000,"",0.000,1,1,1,1,961,794,1044,844,340,214,4783,4338
ocr_test_4.jpg,0.774,1.50,6,0.40,1,imperfect,max_combo,"313",0.000,"31363",0.000,"31363",0.000,"31363",0.000,1,1,1,1,961,794,1044,844,340,214,4783,4338
ocr_test_5.jpeg,0.652,1.50,4,0.40,1,reference,score,"998920",0.000,"998,920",0.000,"998,920",0.000,"998,920",0.000,1,1,1,1,1055,933,1395,1191,283,191,4060,3726
ocr_test_5.jpeg,0.652,1.50,4,0.40,1,reference,marvelous,"426",0.000,"426",0.000,"426",0.000,"426",0.000,1,1,1,1,1055,933,1395,1191,283,191,4060,3726
ocr_test_5.jpeg,0.652,1.50,4,0.40,1,reference,perfect,"21",0.000,"21",0.000,"21",0.000,"21",0.000,1,1,1,1,1055,933,1395,1191,283,191,4060,3726
ocr_test_5.jpeg,0.652,1.50,4,0.40,1,reference,great,"",0.000,"21",0.000,"1",0.000,"1",0.000,1,1,1,1,1055,933,1395,1191,283,191,4060,3726
ocr_test_5.jpeg,0.652,1.50,4,0.40,1,reference,good,"",0.000,"0",0.000,"0",0.000,"0",0.000,1,1,1,1,1055,933,1395,1191,283,191,4060,3726
ocr_test_5.jpeg,0.652,1.50,4,0.40,1,reference,miss,"",0.000,"0",0.000,"",0.000,"0",0.000,1,1,1,1,1055,933,1395,1191,283,191,4060,3726
ocr_test_5.jpeg,0.652,1.50,4,0.40,1,reference,flare,"",0.000,"",0.000,"",0.000,"",0.000,1,1,1,1,1055,933,1395,1191,283,191,4060,3726
ocr_test_5.jpeg,0.652,1.50,4,0.40,1,reference,title,"Fragarach",0.000,"Fragarach",0.000,"Fragarach",0.000,"Fragarach",0.000,1,1,1,1,1055,933,1395,1191,283,191,4060,3726
ocr_test_5.jpeg,0.652,1.50,4,0.40,1,reference,username,"cYSaaGGYb",0.000,"SHIGGY",0.000,"SHIGU",0.000,"SHIGGY",0.000,1,1,1,1,1055,933,1395,1191,283,191,4060,3726
ocr_test_5.jpeg,0.652,1.50,4,0.40,1,reference,difficulty,"cYamananallwb",0.000,"Difficult 14",0.000,"Diffieut7",0.000,"Difficult14",0.000,1,1,1,1,1055,933,1395,1191,283,191,4060,3726
ocr_test_5.jpeg,0.652,1.50,4,0.40,1,reference,max_combo,"448",0.000,"448448",0.000,"448448",0.000,"448448",0.000,1,1,1,1,1055,933,1395,1191,283,191,4060,3726
ocr_test_5.jpeg,0.652,1.50,4,0.40,1,imperfect,score,"998920",0.000,"998,920",0.000,"998,920",0.000,"998,920",0.000,1,1,1,1,979,843,1093,901,374,204,4989,4405
ocr_test_5.jpeg,0.652,1.50,4,0.40,1,imperfect,marvelous,"426",0.000,"426",0.000,"426",0.000,"426",0.000,1,1,1,1,979,843,1093,901,374,204,4989,4405
ocr_test_5.jpeg,0.652,1.50,4,0.40,1,imperfect,perfect,"21",0.000,"21",0.000,"21",0.000,"21",0.000,1,1,1,1,979,843,1093,901,374,204,4989,4405
ocr_test_5.jpeg,0.652,1.50,4,0.40,1,imperfect,great,"",0.000,"21",0.000,"1",0.000,"1",0.000,1,1,1,1,979,843,1093,901,374,204,4989,4405
ocr_test_5.jpeg,0.652,1.50,4,0.40,1,imperfect,good,"",0.000,"",0.000,"",0.000,"0",0.000,1,1,1,1,979,843,1093,901,374,204,4989,4405
ocr_test_5.jpeg,0.652,1.50,4,0.40,1,imperfect,miss,"0",0.000,"0",0.000,"",0.000,"0",0.000,1,1,1,1,979,843,1093,901,374,204,4989,4405
ocr_test_5.jpeg,0.652,1.50,4,0.40,1,imperfect,flare,"",0.000,"",0.000,"",0.000,"",0.000,1,1,1,1,979,843,1093,901,374,204,4989,4405
ocr_test_5.jpeg,0.652,1.50,4,0.40,1,imperfect,title,"Fragarach",0.000,"Fragarach",0.000,"Fragarach",0.000,"Fragarach",0.000,1,1,1,1,979,843,1093,901,374,204,4989,4405
ocr_test_5.jpeg,0.652,1.50,4,0.40,1,imperfect,username,"cYsmaelbl",0.000,"SHIGGY",0.000,"SHoO",0.000,"SHIOOY",0.000,1,1,1,1,979,843,1093,901,374,204,4989,4405
ocr_test_5.jpeg,0.652,1.50,4,0.40,1,imperfect,difficulty,"STYLEDUUC",0.000,"STYLE DIJIcut",0.000,"STMEDILgu",0.000,"STYLE& Difficult",0.000,1,1,1,1,979,843,1093,901,374,204,4989,4405
ocr_test_5.jpeg,0.652,1.50,4,0.40,1,imperfect,max_combo,"448",0.000,"448448",0.000,"448448",0.000,"448448",0.000,1,1,1,1,979,843,1093,901,374,204,4989,4405
ocr_test_5.jpg,0.795,1.50,5,0.40,1,reference,score,"995490",0.000,"995,490",0.000,"995490",0.000,"995490",0.000,1,1,1,1,980,824,965,749,335,216,3728,3375
ocr_test_5.jpg,0.795,1.50,5,0.40,1,reference,marvelous,"547",0.000,"547",0.000,"547",0.000,"547",0.000,1,1,1,1,980,824,965,749,335,216,3728,3375
ocr_test_5.jpg,0.795,1.50,5,0.40,1,reference,perfect,"",0.000,"74",0.000,"74",0.000,"74",0.000,1,1,1,1,980,824,965,749,335,216,3728,3375
ocr_test_5.jpg,0.795,1.50,5,0.40,1,reference,great,"",0.000,"6",0.000,"6",0.000,"6",0.000,1,1,1,1,980,824,965,749,335,216,3728,3375
ocr_test_5.jpg,0.795,1.50,5,0.40,1,reference,good,"",0.000,"6",0.000,"",0.000,"0",0.000,1,1,1,1,980,824,965,749,335,216,3728,3375
ocr_test_5.jpg,0.795,1.50,5,0.40,1,reference,miss,"21",0.000,"21",0.000,"21",0.000,"21",0.000,1,1,1,1,980,824,965,749,335,216,3728,3375
ocr_test_5.jpg,0.795,1.50,5,0.40,1,reference,flare,"",0.000,"",0.000,"",0.000,"",0.000,1,1,1,1,980,824,965,749,335,216,3728,3375
ocr_test_5.jpg,0.795,1.50,5,0.40,1,reference,title,"",0.000,"",0.000,"",0.000,"",0.000,1,1,1,1,980,824,965,749,335,216,3728,3375
ocr_test_5.jpg,0.795,1.50,5,0.40,1,reference,username,"cYaanaalwb",0.000,"",0.000,"A",0.000,"",0.000,1,1,1,1,980,824,965,749,335,216,3728,3375
ocr_test_5.jpg,0.795,1.50,5,0.40,1,reference,difficulty,"cYalwb",0.000,"",0.000,"",0.000,"",0.000,1,1,1,1,980,824,965,749,335,216,3728,3375
ocr_test_5.jpg,0.795,1.50,5,0.40,1,reference,max_combo,"2712",0.000,"627627",0.000,"627627",0.000,"627627",0.000,1,1,1,1,980,824,965,749,335,216,3728,3375
ocr_test_5.jpg,0.795,1.50,5,0.40,1,imperfect,score,"995490",0.000,"995,490",0.000,"995,490",0.000,"995490",0.000,1,1,1,1,868,717,926,752,529,411,4295,3871
ocr_test_5.jpg,0.795,1.50,5,0.40,1,imperfect,marvelous,"547",0.000,"547",0.000,"547",0.000,"547",0.000,1,1,1,1,868,717,926,752,529,411,4295,3871
ocr_test_5.jpg,0.795,1.50,5,0.40,1,imperfect,perfect,"",0.000,"74",0.000,"74",0.000,"74",0.000,1,1,1,1,868,717,926,752,529,411,4295,3871
ocr_test_5.jpg,0.795,1.50,5,0.40,1,imperfect,great,"",0.000,"6",0.000,"6",0.000,"6",0.000,1,1,1,1,868,717,926,752,529,411,4295,3871
ocr_test_5.jpg,0.795,1.50,5,0.40,1,imperfect,good,"",0.000,"6",0.000,"",0.000,"0",0.000,1,1,1,1,868,717,926,752,529,411,4295,3871
ocr_test_5.jpg,0.795,1.50,5,0.40,1,imperfect,miss,"21",0.000,"21",0.000,"",0.000,"21",0.000,1,1,1,1,868,717,926,752,529,411,4295,3871
ocr_test_5.jpg,0.795,1.50,5,0.40,1,imperfect,flare,"",0.000,"",0.000,"",0.000,"",0.000,1,1,1,1,868,717,926,752,529,411,4295,3871
ocr_test_5.jpg,0.795,1.50,5,0.40,1,imperfect,title,"",0.000,"",0.000,"",0.000,"",0.000,1,1,1,1,868,717,926,752,529,411,4295,3871
ocr_test_5.jpg,0.795,1.50,5,0.40,1,imperfect,username,"cYanaanlbl",0.000,"",0.000,"A",0.000,"",0.000,1,1,1,1,868,717,926,752,529,411,4295,3871
ocr_test_5.jpg,0.795,1.50,5,0.40,1,imperfect,difficulty,"",0.000,"",0.000,"A",0.000,"",0.000,1,1,1,1,868,717,926,752,529,411,4295,3871
ocr_test_5.jpg,0.795,1.50,5,0.40,1,imperfect,max_combo,"6271",0.000,"6271627",0.000,"6271627",0.000,"627627",0.000,1,1,1,1,868,717,926,752,529,411,4295,3871
ocr_test_6.jpeg,0.766,1.50,5,0.40,1,reference,score,"995470",0.000,"995,470",0.000,"995,470",0.000,"995470",0.000,1,1,1,1,1019,874,1082,786,288,196,4315,3982
ocr_test_6.jpeg,0.766,1.50,5,0.40,1,reference,marvelous,"331",0.000,"331",0.000,"331",0.000,"331",0.000,1,1,1,1,1019,874,1082,786,288,196,4315,3982
ocr_test_6.jpeg,0.766,1.50,5,0.40,1,reference,perfect,"57",0.000,"57",0.000,"57",0.000,"57",0.000,1,1,1,1,1019,874,1082,786,288,196,4315,3982
ocr_test_6.jpeg,0.766,1.50,5,0.40,1,reference,great,"4",0.000,"57",0.000,"4",0.000,"4",0.000,1,1,1,1,1019,874,1082,786,288,196,4315,3982
ocr_test_6.jpeg,0.766,1.50,5,0.40,1,reference,good,"4",0.000,"",0.000,"",0.000,"0",0.000,1,1,1,1,1019,874,1082,786,288,196,4315,3982
ocr_test_6.jpeg,0.766,1.50,5,0.40,1,reference,miss,"",0.000,"",0.000,"17",0.000,"17",0.000,1,1,1,1,1019,874,1082,786,288,196,4315,3982
ocr_test_6.jpeg,0.766,1.50,5,0.40,1,reference,flare,"",0.000,"",0.000,"",0.000,"",0.000,1,1,1,1,1019,874,1082,786,288,196,4315,3982
ocr_test_6.jpeg,0.766,1.50,5,0.40,1,reference,title,"uruer",0.000,"8Pursuer",0.000,"Pursuer",0.000,"Pursuer",0.000,1,1,1,1,1019,874,1082,786,288,196,4315,3982
ocr_test_6.jpeg,0.766,1.50,5,0.40,1,reference,username,"cYaGannwb",0.000,"S",0.000,"OAA",0.000,"C",0.000,1,1,1,1,1019,874,1082,786,288,196,4315,3982
ocr_test_6.jpeg,0.766,1.50,5,0.40,1,reference,difficulty,"cYaiaaYllowb",0.000,"SHIGGYAY",0.000,"SHIGGY",0.000,"SHIGGY",0.000,1,1,1,1,1019,874,1082,786,288,196,4315,3982
ocr_test_6.jpeg,0.766,1.50,5,0.40,1,reference,max_combo,"3921",0.000,"392392",0.000,"392392",0.000,"392392",0.000,1,1,1,1,1019,874,1082,786,288,196,4315,3982
ocr_test_6.jpeg,0.766,1.50,5,0.40,1,imperfect,score,"995470",0.000,"995,470",0.000,"995,470",0.000,"995,470",0.000,1,1,1,1,884,748,1031,880,315,213,5179,4792
ocr_test_6.jpeg,0.766,1.50,5,0.40,1,imperfect,marvelous,"331",0.000,"331",0.000,"331",0.000,"331",0.000,1,1,1,1,884,748,1031,880,315,213,5179,4792
ocr_test_6.jpeg,0.766,1.50,5,0.40,1,imperfect,perfect,"57",0.000,"57",0.000,"57",0.000,"57",0.000,1,1,1,1,884,748,1031,880,315,213,5179,4792
ocr_test_6.jpeg,0.766,1.50,5,0.40,1,imperfect,great,"4",0.000,"4",0.000,"4",0.000,"4",0.000,1,1,1,1,884,748,1031,880,315,213,5179,4792
ocr_test_6.jpeg,0.766,1.50,5,0.40,1,imperfect,good,"",0.000,"",0.000,"",0.000,"",0.000,1,1,1,1,884,748,1031,880,315,213,5179,4792
ocr_test_6.jpeg,0.766,1.50,5,0.40,1,imperfect,miss,"",0.000,"",0.000,"",0.000,"",0.000,1,1,1,1,884,748,1031,880,315,213,5179,4792
ocr_test_6.jpeg,0.766,1.50,5,0.40,1,imperfect,flare,"",0.000,"",0.000,"",0.000,"",0.000,1,1,1,1,884,748,1031,880,315,213,5179,4792
ocr_test_6.jpeg,0.766,1.50,5,0.40,1,imperfect,title,"Pursuer",0.000,"Pursuer",0.000,"PurSUer6",0.000,"Pursuer",0.000,1,1,1,1,884,748,1031,880,315,213,5179,4792
ocr_test_6.jpeg,0.766,1.50,5,0.40,1,imperfect,username,"cYaananlwb",0.000,"Si",0.000,"OAA",0.000,"V",0.000,1,1,1,1,884,748,1031,880,315,213,5179,4792
ocr_test_6.jpeg,0.766,1.50,5,0.40,1,imperfect,difficulty,"WSHIGGYNAN",0.000,"SHIGGY",0.000,"SHIGGYA",0.000,"SHIGGY",0.000,1,1,1,1,884,748,1031,880,315,213,5179,4792
ocr_test_6.jpeg,0.766,1.50,5,0.40,1,imperfect,max_combo,"392",0.000,"392392",0.000,"3921392",0.000,"392392",0.000,1,1,1,1,884,748,1031,880,315,213,5179,4792
ocr_test_6.jpg,0.659,1.10,3,0.40,1,reference,score,"990440",0.000,"990,440",0.000,"990,440",0.000,"990,440",0.000,1,1,1,1,835,621,845,711,264,179,3787,3461
ocr_test_6.jpg,0.659,1.10,3,0.40,1,reference,marvelous,"439",0.000,"439",0.000,"439",0.000,"439",0.000,1,1,1,1,835,621,845,711,264,179,3787,3461
ocr_test_6.jpg,0.659,1.10,3,0.40,1,reference,perfect,"100",0.000,"100",0.000,"100",0.000,"100",0.000,1,1,1,1,835,621,845,711,264,179,3787,3461
ocr_test_6.jpg,0.659,1.10,3,0.40,1,reference,great,"1",0.000,"7",0.000,"7",0.000,"7",0.000,1,1,1,1,835,621,845,711,264,179,3787,3461
ocr_test_6.jpg,0.659,1.10,3,0.40,1,reference,good,"1",0.000,"0",0.000,"0",0.000,"0",0.000,1,1,1,1,835,621,845,711,264,179,3787,3461
ocr_test_6.jpg,0.659,1.10,3,0.40,1,reference,miss,"1",0.000,"2",0.000,"2",0.000,"2",0.000,1,1,1,1,835,621,845,711,264,179,3787,3461
ocr_test_6.jpg,0.659,1.10,3,0.40,1,reference,flare,"",0.000,"",0.000,"",0.000,"",0.000,1,1,1,1,835,621,845,711,264,179,3787,3461
ocr_test_6.jpg,0.659,1.10,3,0.40,1,reference,title,"",0.000,"",0.000,"",0.000,"_",0.000,1,1,1,1,835,621,845,711,264,179,3787,3461
ocr_test_6.jpg,0.659,1.10,3,0.40,1,reference,username,"cYanalwb",0.000,"",0.000,"",0.000,"",0.000,1,1,1,1,835,621,845,711,264,179,3787,3461
ocr_test_6.jpg,0.659,1.10,3,0.40,1,reference,difficulty,"caallwb",0.000,"",0.000,"A",0.000,"",0.000,1,1,1,1,835,621,845,711,264,179,3787,3461
ocr_test_6.jpg,0.659,1.10,3,0.40,1,reference,max_combo,"251548",0.000,"251548",0.000,"251548",0.000,"251548",0.000,1,1,1,1,835,621,845,711,264,179,3787,3461
ocr_test_6.jpg,0.659,1.10,3,0.40,1,imperfect,score,"990440",0.000,"990,440",0.000,"990,440",0.000,"990,440",0.000,1,1,1,1,934,801,918,774,310,212,4731,4329
ocr_test_6.jpg,0.659,1.10,3,0.40,1,imperfect,marvelous,"439",0.000,"439",0.000,"439",0.000,"439",0.000,1,1,1,1,934,801,918,774,310,212,4731,4329
ocr_test_6.jpg,0.659,1.10,3,0.40,1,imperfect,perfect,"100",0.000,"100",0.000,"100",0.000,"100",0.000,1,1,1,1,934,801,918,774,310,212,4731,4329
ocr_test_6.jpg,0.659,1.10,3,0.40,1,imperfect,great,"",0.000,"7",0.000,"7",0.000,"7",0.000,1,1,1,1,934,801,918,774,310,212,4731,4329
ocr_test_6.jpg,0.659,1.10,3,0.40,1,imperfect,good,"",0.000,"18",0.000,"",0.000,"0",0.000,1,1,1,1,934,801,918,774,310,212,4731,4329
ocr_test_6.jpg,0.659,1.10,3,0.40,1,imperfect,miss,"2",0.000,"2",0.000,"2",0.000,"2",0.000,1,1,1,1,934,801,918,774,310,212,4731,4329
ocr_test_6.jpg,0.659,1.10,3,0.40,1,imperfect,flare,"",0.000,"",0.000,"",0.000,"",0.000,1,1,1,1,934,801,918,774,310,212,4731,4329
ocr_test_6.jpg,0.659,1.10,3,0.40,1,imperfect,title,"[",0.000,"",0.000,"",0.000,"",0.000,1,1,1,1,934,801,918,774,310,212,4731,4329
ocr_test_6.jpg,0.659,1.10,3,0.40,1,imperfect,username,"calwbl",0.000,"",0.000,"",0.000,"",0.000,1,1,1,1,934,801,918,774,310,212,4731,4329
ocr_test_6.jpg,0.659,1.10,3,0.40,1,imperfect,difficulty,"",0.000,"",0.000,"",0.000,"",0.000,1,1,1,1,934,801,918,774,310,212,4731,4329
ocr_test_6.jpg,0.659,1.10,3,0.40,1,imperfect,max_combo,"251548",0.000,"251548",0.000,"251548",0.000,"251548",0.000,1,1,1,1,934,801,918,774,310,212,4731,4329
ocr_test_7.jpg,0.425,1.30,3,0.40,1,reference,score,"971430",0.000,"971,430",0.000,"971430",0.000,"971,430",0.000,1,1,1,1,922,769,1102,832,394,253,3822,3489
ocr_test_7.jpg,0.425,1.30,3,0.40,1,reference,marvelous,"442",0.000,"442",0.000,"442",0.000,"442",0.000,1,1,1,1,922,769,1102,832,394,253,3822,3489
ocr_test_7.jpg,0.425,1.30,3,0.40,1,reference,perfect,"102",0.000,"102",0.000,"102",0.000,"102",0.000,1,1,1,1,922,769,1102,832,394,253,3822,3489
ocr_test_7.jpg,0.425,1.30,3,0.40,1,reference,great,"28",0.000,"28",0.000,"28",0.000,"28",0.000,1,1,1,1,922,769,1102,832,394,253,3822,3489
ocr_test_7.jpg,0.425,1.30,3,0.40,1,reference,good,"1",0.000,"28",0.000,"1",0.000,"1",0.000,1,1,1,1,922,769,1102,832,394,253,3822,3489
ocr_test_7.jpg,0.425,1.30,3,0.40,1,reference,miss,"1",0.000,"4",0.000,"4",0.000,"4",0.000,1,1,1,1,922,769,1102,832,394,253,3822,3489
ocr_test_7.jpg,0.425,1.30,3,0.40,1,reference,flare,"",0.000,"",0.000,"",0.000,"",0.000,1,1,1,1,922,769,1102,832,394,253,3822,3489
ocr_test_7.jpg,0.425,1.30,3,0.40,1,reference,title,"",0.000,"",0.000,"",0.000,"",0.000,1,1,1,1,922,769,1102,832,394,253,3822,3489
ocr_test_7.jpg,0.425,1.30,3,0.40,1,reference,username,"cYaaalowb",0.000,"g",0.000,"0",0.000,"ng010",0.000,1,1,1,1,922,769,1102,832,394,253,3822,3489
ocr_test_7.jpg,0.425,1.30,3,0.40,1,reference,difficulty,"ca",0.000,"OT",0.000,"TT",0.000,"V",0.000,1,1,1,1,922,769,1102,832,394,253,3822,3489
ocr_test_7.jpg,0.425,1.30,3,0.40,1,reference,max_combo,"292",0.000,"292577",0.000,"2921577",0.000,"292577",0.000,1,1,1,1,922,769,1102,832,394,253,3822,3489
ocr_test_7.jpg,0.425,1.30,3,0.40,1,imperfect,score,"971430",0.000,"971,430",0.000,"971430",0.000,"971,430",0.000,1,1,1,1,892,746,1152,996,297,204,4796,4382
ocr_test_7.jpg,0.425,1.30,3,0.40,1,imperfect,marvelous,"442",0.000,"442",0.000,"442",0.000,"442",0.000,1,1,1,1,892,746,1152,996,297,204,4796,4382
ocr_test_7.jpg,0.425,1.30,3,0.40,1,imperfect,perfect,"102",0.000,"102",0.000,"102",0.000,"102",0.000,1,1,1,1,892,746,1152,996,297,204,4796,4382
ocr_test_7.jpg,0.425,1.30,3,0.40,1,imperfect,great,"28",0.000,"28",0.000,"28",0.000,"28",0.000,1,1,1,1,892,746,1152,996,297,204,4796,4382
ocr_test_7.jpg,0.425,1.30,3,0.40,1,imperfect,good,"10",0.000,"10",0.000,"1",0.000,"1",0.000,1,1,1,1,892,746,1152,996,297,204,4796,4382
ocr_test_7.jpg,0.425,1.30,3,0.40,1,imperfect,miss,"10",0.000,"",0.000,"4",0.000,"4",0.000,1,1,1,1,892,746,1152,996,297,204,4796,4382
ocr_test_7.jpg,0.425,1.30,3,0.40,1,imperfect,flare,"",0.000,"",0.000,"",0.000,"",0.000,1,1,1,1,892,746,1152,996,297,204,4796,4382
ocr_test_7.jpg,0.425,1.30,3,0.40,1,imperfect,title,"",0.000,"0l",0.000,"",0.000,"",0.000,1,1,1,1,892,746,1152,996,297,204,4796,4382
ocr_test_7.jpg,0.425,1.30,3,0.40,1,imperfect,username,"cYaYlwbl",0.000,"",0.000,"",0.000,"",0.000,1,1,1,1,892,746,1152,996,297,204,4796,4382
ocr_test_7.jpg,0.425,1.30,3,0.40,1,imperfect,difficulty,"T",0.000,"OT",0.000,"T7",0.000,"O",0.000,1,1,1,1,892,746,1152,996,297,204,4796,4382
ocr_test_7.jpg,0.425,1.30,3,0.40,1,imperfect,max_combo,"292",0.000,"292577",0.000,"2921577",0.000,"292577",0.000,1,1,1,1,892,746,1152,996,297,204,4796,4382
ocr_test_8.jpg,0.835,1.30,5,0.40,1,reference,score,"998670",0.000,"998,670",0.000,"998,670",0.000,"998,670",0.000,1,1,1,1,816,659,830,698,280,182,3881,3544
ocr_test_8.jpg,0.835,1.30,5,0.40,1,reference,marvelous,"458",0.000,"458",0.000,"458",0.000,"458",0.000,1,1,1,1,816,659,830,698,280,182,3881,3544
ocr_test_8.jpg,0.835,1.30,5,0.40,1,reference,perfect,"59",0.000,"59",0.000,"59",0.000,"59",0.000,1,1,1,1,816,659,830,698,280,182,3881,3544
ocr_test_8.jpg,0.835,1.30,5,0.40,1,reference,great,"1",0.000,"",0.000,"1",0.000,"1",0.000,1,1,1,1,816,659,830,698,280,182,3881,3544
ocr_test_8.jpg,0.835,1.30,5,0.40,1,reference,good,"0",0.000,"",0.000,"",0.000,"0",0.000,1,1,1,1,816,659,830,698,280,182,3881,3544
ocr_test_8.jpg,0.835,1.30,5,0.40,1,reference,miss,"0",0.000,"0",0.000,"",0.000,"0",0.000,1,1,1,1,816,659,830,698,280,182,3881,3544
ocr_test_8.jpg,0.835,1.30,5,0.40,1,reference,flare,"",0.000,"",0.000,"",0.000,"",0.000,1,1,1,1,816,659,830,698,280,182,3881,3544
ocr_test_8.jpg,0.835,1.30,5,0.40,1,reference,title,"Don't Stop The HYPERCORE",0.000,"Don't Stop The HYPERCORE",0.000,"Don' Stop The HYPERCORE",0.000,"Don't Stop The HYPERCORE",0.000,1,1,1,1,816,659,830,698,280,182,3881,3544
ocr_test_8.jpg,0.835,1.30,5,0.40,1,reference,username,"cYnanananaYlowbl",0.000,"",0.000,"",0.000,"",0.000,1,1,1,1,816,659,830,698,280,182,3881,3544
ocr_test_8.jpg,0.835,1.30,5,0.40,1,reference,difficulty,"camaalowbl",0.000,"Expert 14",0.000,"EupePy",0.000,"Expert4",0.000,1,1,1,1,816,659,830,698,280,182,3881,3544
ocr_test_8.jpg,0.835,1.30,5,0.40,1,reference,max_combo,"518518",0.000,"518518",0.000,"518518",0.000,"518518",0.000,1,1,1,1,816,659,830,698,280,182,3881,3544
ocr_test_8.jpg,0.835,1.30,5,0.40,1,imperfect,score,"998670",0.000,"998,670",0.000,"998,670",0.000,"998,670",0.000,1,1,1,1,837,704,1002,841,294,203,4186,3778
ocr_test_8.jpg,0.835,1.30,5,0.40,1,imperfect,marvelous,"458",0.000,"458",0.000,"458",0.000,"458",0.000,1,1,1,1,837,704,1002,841,294,203,4186,3778
ocr_test_8.jpg,0.835,1.30,5,0.40,1,imperfect,perfect,"59",0.000,"59",0.000,"59",0.000,"59",0.000,1,1,1,1,837,704,1002,841,294,203,4186,3778
ocr_test_8.jpg,0.835,1.30,5,0.40,1,imperfect,great,"",0.000,"",0.000,"1",0.000,"1",0.000,1,1,1,1,837,704,1002,841,294,203,4186,3778
ocr_test_8.jpg,0.835,1.30,5,0.40,1,imperfect,good,"0",0.000,"32",0.000,"",0.000,"0",0.000,1,1,1,1,837,704,1002,841,294,203,4186,3778
ocr_test_8.jpg,0.835,1.30,5,0.40,1,imperfect,miss,"0",0.000,"",0.000,"",0.000,"",0.000,1,1,1,1,837,704,1002,841,294,203,4186,3778
ocr_test_8.jpg,0.835,1.30,5,0.40,1,imperfect,flare,"",0.000,"",0.000,"",0.000,"",0.000,1,1,1,1,837,704,1002,841,294,203,4186,3778
ocr_test_8.jpg,0.835,1.30,5,0.40,1,imperfect,title,"Don't Stop The HYPERCORE",0.000,"Don't Stop The HYPERCORE",0.000,"Don't Stop The HYPERCORE",0.000,"Don't Stop The HYPERCORE",0.000,1,1,1,1,837,704,1002,841,294,203,4186,3778
ocr_test_8.jpg,0.835,1.30,5,0.40,1,imperfect,username,"cYananalwbl",0.000,"",0.000,"",0.000,"",0.000,1,1,1,1,837,704,1002,841,294,203,4186,3778
ocr_test_8.jpg,0.835,1.30,5,0.40,1,imperfect,difficulty,"STYLE.DRPCRLY",0.000,"STYLE:LapeF·14",0.000,"STYLER2NpCTL",0.000,"STYLE+Exper-14",0.000,1,1,1,1,837,704,1002,841,294,203,4186,3778
ocr_test_8.jpg,0.835,1.30,5,0.40,1,imperfect,max_combo,"518518",0.000,"518518",0.000,"518518",0.000,"518518",0.000,1,1,1,1,837,704,1002,841,294,203,4186,3778
ocr_test_9.jpg,0.000,0.00,4,0.40,0,reference,score,"",0.000,"",0.000,"",0.000,"",0.000,0,0,0,0,-1,-1,-1,-1,-1,-1,-1,-1
ocr_test_9.jpg,0.000,0.00,4,0.40,0,reference,marvelous,"",0.000,"",0.000,"",0.000,"",0.000,0,0,0,0,-1,-1,-1,-1,-1,-1,-1,-1
ocr_test_9.jpg,0.000,0.00,4,0.40,0,reference,perfect,"",0.000,"",0.000,"",0.000,"",0.000,0,0,0,0,-1,-1,-1,-1,-1,-1,-1,-1
ocr_test_9.jpg,0.000,0.00,4,0.40,0,reference,great,"",0.000,"",0.000,"",0.000,"",0.000,0,0,0,0,-1,-1,-1,-1,-1,-1,-1,-1
ocr_test_9.jpg,0.000,0.00,4,0.40,0,reference,good,"",0.000,"",0.000,"",0.000,"",0.000,0,0,0,0,-1,-1,-1,-1,-1,-1,-1,-1
ocr_test_9.jpg,0.000,0.00,4,0.40,0,reference,miss,"",0.000,"",0.000,"",0.000,"",0.000,0,0,0,0,-1,-1,-1,-1,-1,-1,-1,-1
ocr_test_9.jpg,0.000,0.00,4,0.40,0,reference,flare,"",0.000,"",0.000,"",0.000,"",0.000,0,0,0,0,-1,-1,-1,-1,-1,-1,-1,-1
ocr_test_9.jpg,0.000,0.00,4,0.40,0,reference,title,"",0.000,"",0.000,"",0.000,"",0.000,0,0,0,0,-1,-1,-1,-1,-1,-1,-1,-1
ocr_test_9.jpg,0.000,0.00,4,0.40,0,reference,username,"",0.000,"",0.000,"",0.000,"",0.000,0,0,0,0,-1,-1,-1,-1,-1,-1,-1,-1
ocr_test_9.jpg,0.000,0.00,4,0.40,0,reference,difficulty,"",0.000,"",0.000,"",0.000,"",0.000,0,0,0,0,-1,-1,-1,-1,-1,-1,-1,-1
ocr_test_9.jpg,0.000,0.00,4,0.40,0,reference,max_combo,"",0.000,"",0.000,"",0.000,"",0.000,0,0,0,0,-1,-1,-1,-1,-1,-1,-1,-1
ocr_test_9.jpg,0.000,0.00,4,0.40,0,imperfect,score,"",0.000,"",0.000,"",0.000,"",0.000,0,0,0,0,-1,-1,-1,-1,-1,-1,-1,-1
ocr_test_9.jpg,0.000,0.00,4,0.40,0,imperfect,marvelous,"",0.000,"",0.000,"",0.000,"",0.000,0,0,0,0,-1,-1,-1,-1,-1,-1,-1,-1
ocr_test_9.jpg,0.000,0.00,4,0.40,0,imperfect,perfect,"",0.000,"",0.000,"",0.000,"",0.000,0,0,0,0,-1,-1,-1,-1,-1,-1,-1,-1
ocr_test_9.jpg,0.000,0.00,4,0.40,0,imperfect,great,"",0.000,"",0.000,"",0.000,"",0.000,0,0,0,0,-1,-1,-1,-1,-1,-1,-1,-1
ocr_test_9.jpg,0.000,0.00,4,0.40,0,imperfect,good,"",0.000,"",0.000,"",0.000,"",0.000,0,0,0,0,-1,-1,-1,-1,-1,-1,-1,-1
ocr_test_9.jpg,0.000,0.00,4,0.40,0,imperfect,miss,"",0.000,"",0.000,"",0.000,"",0.000,0,0,0,0,-1,-1,-1,-1,-1,-1,-1,-1
ocr_test_9.jpg,0.000,0.00,4,0.40,0,imperfect,flare,"",0.000,"",0.000,"",0.000,"",0.000,0,0,0,0,-1,-1,-1,-1,-1,-1,-1,-1
ocr_test_9.jpg,0.000,0.00,4,0.40,0,imperfect,title,"",0.000,"",0.000,"",0.000,"",0.000,0,0,0,0,-1,-1,-1,-1,-1,-1,-1,-1
ocr_test_9.jpg,0.000,0.00,4,0.40,0,imperfect,username,"",0.000,"",0.000,"",0.000,"",0.000,0,0,0,0,-1,-1,-1,-1,-1,-1,-1,-1
ocr_test_9.jpg,0.000,0.00,4,0.40,0,imperfect,difficulty,"",0.000,"",0.000,"",0.000,"",0.000,0,0,0,0,-1,-1,-1,-1,-1,-1,-1,-1
ocr_test_9.jpg,0.000,0.00,4,0.40,0,imperfect,max_combo,"",0.000,"",0.000,"",0.000,"",0.000,0,0,0,0,-1,-1,-1,-1,-1,-1,-1,-1
ocr_test_9_bigger.jpg,0.486,1.60,4,0.40,1,reference,score,"985300",0.000,"985,300",0.000,"985,300",0.000,"985,300",0.000,1,1,1,1,963,699,996,831,301,196,4061,3665
ocr_test_9_bigger.jpg,0.486,1.60,4,0.40,1,reference,marvelous,"303",0.000,"303",0.000,"303",0.000,"303",0.000,1,1,1,1,963,699,996,831,301,196,4061,3665
ocr_test_9_bigger.jpg,0.486,1.60,4,0.40,1,reference,perfect,"80",0.000,"80",0.000,"80",0.000,"80",0.000,1,1,1,1,963,699,996,831,301,196,4061,3665
ocr_test_9_bigger.jpg,0.486,1.60,4,0.40,1,reference,great,"4",0.000,"14",0.000,"14",0.000,"14",0.000,1,1,1,1,963,699,996,831,301,196,4061,3665
ocr_test_9_bigger.jpg,0.486,1.60,4,0.40,1,reference,good,"0",0.000,"0",0.000,"",0.000,"0",0.000,1,1,1,1,963,699,996,831,301,196,4061,3665
ocr_test_9_bigger.jpg,0.486,1.60,4,0.40,1,reference,miss,"0",0.000,"",0.000,"",0.000,"0",0.000,1,1,1,1,963,699,996,831,301,196,4061,3665
ocr_test_9_bigger.jpg,0.486,1.60,4,0.40,1,reference,flare,"",0.000,"",0.000,"",0.000,"",0.000,1,1,1,1,963,699,996,831,301,196,4061,3665
ocr_test_9_bigger.jpg,0.486,1.60,4,0.40,1,reference,title,"PutoRelinuish",0.000,"Pluto Relinquish",0.000,"Puto elinquish",0.000,"Pluto Relinquish",0.000,1,1,1,1,963,699,996,831,301,196,4061,3665
ocr_test_9_bigger.jpg,0.486,1.60,4,0.40,1,reference,username,"cYananelwb",0.000,"Difficu",0.000,"nifficul",0.000,"Difficula",0.000,1,1,1,1,963,699,996,831,301,196,4061,3665
ocr_test_9_bigger.jpg,0.486,1.60,4,0.40,1,reference,difficulty,"c",0.000,"",0.000,"",0.000,"NG",0.000,1,1,1,1,963,699,996,831,301,196,4061,3665
ocr_test_9_bigger.jpg,0.486,1.60,4,0.40,1,reference,max_combo,"1397",0.000,"397397",0.000,"3971397",0.000,"397397",0.000,1,1,1,1,963,699,996,831,301,196,4061,3665
ocr_test_9_bigger.jpg,0.486,1.60,4,0.40,1,imperfect,score,"985300",0.000,"985,300",0.000,"985,300",0.000,"985,300",0.000,1,1,1,1,913,764,1123,976,368,258,4120,3769
ocr_test_9_bigger.jpg,0.486,1.60,4,0.40,1,imperfect,marvelous,"303",0.000,"303",0.000,"303",0.000,"303",0.000,1,1,1,1,913,764,1123,976,368,258,4120,3769
ocr_test_9_bigger.jpg,0.486,1.60,4,0.40,1,imperfect,perfect,"80",0.000,"80",0.000,"80",0.000,"80",0.000,1,1,1,1,913,764,1123,976,368,258,4120,3769
ocr_test_9_bigger.jpg,0.486,1.60,4,0.40,1,imperfect,great,"4",0.000,"14",0.000,"14",0.000,"14",0.000,1,1,1,1,913,764,1123,976,368,258,4120,3769
ocr_test_9_bigger.jpg,0.486,1.60,4,0.40,1,imperfect,good,"0",0.000,"10",0.000,"10",0.000,"10",0.000,1,1,1,1,913,764,1123,976,368,258,4120,3769
ocr_test_9_bigger.jpg,0.486,1.60,4,0.40,1,imperfect,miss,"0",0.000,"",0.000,"",0.000,"0",0.000,1,1,1,1,913,764,1123,976,368,258,4120,3769
ocr_test_9_bigger.jpg,0.486,1.60,4,0.40,1,imperfect,flare,"",0.000,"",0.000,"",0.000,"",0.000,1,1,1,1,913,764,1123,976,368,258,4120,3769
ocr_test_9_bigger.jpg,0.486,1.60,4,0.40,1,imperfect,title,"Plute Belinguish",0.000,"Pluto Belinguish",0.000,"Pluto Belinguish",0.000,"Pluto Relinguish",0.000,1,1,1,1,913,764,1123,976,368,258,4120,3769
ocr_test_9_bigger.jpg,0.486,1.60,4,0.40,1,imperfect,username,"Ganaifielbl",0.000,"Difficul",0.000,"EDifficul",0.000,"EDifficul",0.000,1,1,1,1,913,764,1123,976,368,258,4120,3769
ocr_test_9_bigger.jpg,0.486,1.60,4,0.40,1,imperfect,difficulty,"",0.000,"1",0.000,"",0.000,"1",0.000,1,1,1,1,913,764,1123,976,368,258,4120,3769
ocr_test_9_bigger.jpg,0.486,1.60,4,0.40,1,imperfect,max_combo,"397137",0.000,"397397",0.000,"3971397",0.000,"397397",0.000,1,1,1,1,913,764,1123,976,368,258,4120,3769
ocr_test_morph.jpeg,0.418,1.60,6,0.40,1,reference,score,"999880",0.000,"999,880",0.000,"999,880",0.000,"999,880",0.000,1,1,1,1,852,699,868,705,297,194,3974,3535
ocr_test_morph.jpeg,0.418,1.60,6,0.40,1,reference,marvelous,"386",0.000,"386",0.000,"386",0.000,"386",0.000,1,1,1,1,852,699,868,705,297,194,3974,3535
ocr_test_morph.jpeg,0.418,1.60,6,0.40,1,reference,perfect,"2",0.000,"12",0.000,"12",0.000,"12",0.000,1,1,1,1,852,699,868,705,297,194,3974,3535
ocr_test_morph.jpeg,0.418,1.60,6,0.40,1,reference,great,"",0.000,"00",0.000,"",0.000,"0",0.000,1,1,1,1,852,699,868,705,297,194,3974,3535
ocr_test_morph.jpeg,0.418,1.60,6,0.40,1,reference,good,"",0.000,"00",0.000,"9",0.000,"9",0.000,1,1,1,1,852,699,868,705,297,194,3974,3535
ocr_test_morph.jpeg,0.418,1.60,6,0.40,1,reference,miss,"0",0.000,"",0.000,"",0.000,"",0.000,1,1,1,1,852,699,868,705,297,194,3974,3535
ocr_test_morph.jpeg,0.418,1.60,6,0.40,1,reference,flare,"",0.000,"",0.000,"",0.000,"",0.000,1,1,1,1,852,699,868,705,297,194,3974,3535
ocr_test_morph.jpeg,0.418,1.60,6,0.40,1,reference,title,"",0.000,"",0.000,"",0.000,"",0.000,1,1,1,1,852,699,868,705,297,194,3974,3535
ocr_test_morph.jpeg,0.418,1.60,6,0.40,1,reference,username,"cYanananYlowbl",0.000,"0t79",0.000,"O124",0.000,"cont52",0.000,1,1,1,1,852,699,868,705,297,194,3974,3535
ocr_test_morph.jpeg,0.418,1.60,6,0.40,1,reference,difficulty,"cYallwb",0.000,"A",0.000,"",0.000,"",0.000,1,1,1,1,852,699,868,705,297,194,3974,3535
ocr_test_morph.jpeg,0.418,1.60,6,0.40,1,reference,max_combo,"398398",0.000,"398398",0.000,"398398",0.000,"398398",0.000,1,1,1,1,852,699,868,705,297,194,3974,3535
ocr_test_morph.jpeg,0.418,1.60,6,0.40,1,imperfect,score,"999880",0.000,"999,880",0.000,"999,880",0.000,"999,880",0.000,1,1,1,1,1055,878,973,811,346,215,4303,3953
ocr_test_morph.jpeg,0.418,1.60,6,0.40,1,imperfect,marvelous,"386",0.000,"386",0.000,"386",0.000,"386",0.000,1,1,1,1,1055,878,973,811,346,215,4303,3953
ocr_test_morph.jpeg,0.418,1.60,6,0.40,1,imperfect,perfect,"",0.000,"12",0.000,"12",0.000,"12",0.000,1,1,1,1,1055,878,973,811,346,215,4303,3953
ocr_test_morph.jpeg,0.418,1.60,6,0.40,1,imperfect,great,"0",0.000,"",0.000,"",0.000,"0",0.000,1,1,1,1,1055,878,973,811,346,215,4303,3953
ocr_test_morph.jpeg,0.418,1.60,6,0.40,1,imperfect,good,"0",0.000,"0",0.000,"7",0.000,"0",0.000,1,1,1,1,1055,878,973,811,346,215,4303,3953
ocr_test_morph.jpeg,0.418,1.60,6,0.40,1,imperfect,miss,"0",0.000,"",0.000,"",0.000,"",0.000,1,1,1,1,1055,878,973,811,346,215,4303,3953
ocr_test_morph.jpeg,0.418,1.60,6,0.40,1,imperfect,flare,"",0.000,"",0.000,"",0.000,"",0.000,1,1,1,1,1055,878,973,811,346,215,4303,3953
ocr_test_morph.jpeg,0.418,1.60,6,0.40,1,imperfect,title,"",0.000,"",0.000,"",0.000,"",0.000,1,1,1,1,1055,878,973,811,346,215,4303,3953
ocr_test_morph.jpeg,0.418,1.60,6,0.40,1,imperfect,username,"mnamtmalbl",0.000,"nent12",0.000,"nent7a",0.000,"pent 13",0.000,1,1,1,1,1055,878,973,811,346,215,4303,3953
ocr_test_morph.jpeg,0.418,1.60,6,0.40,1,imperfect,difficulty,"",0.000,"",0.000,"",0.000,"",0.000,1,1,1,1,1055,878,973,811,346,215,4303,3953
ocr_test_morph.jpeg,0.418,1.60,6,0.40,1,imperfect,max_combo,"39838",0.000,"398398",0.000,"398398",0.000,"398398",0.000,1,1,1,1,1055,878,973,811,346,215,4303,3953
